date,ticker,adj_close
,,
2024-05-30,AAPL,190.39956665039062
2024-05-31,AAPL,191.3551025390625
2024-06-03,AAPL,193.12680053710938
2024-06-04,AAPL,193.44532775878906
2024-06-05,AAPL,194.95823669433594
2024-06-06,AAPL,193.57469177246094
2024-06-07,AAPL,195.97349548339844
2024-06-10,AAPL,192.2210235595703
2024-06-11,AAPL,206.1857147216797
2024-06-12,AAPL,212.0782012939453
2024-06-13,AAPL,213.24273681640625
2024-06-14,AAPL,211.50086975097656
2024-06-17,AAPL,215.66140747070312
2024-06-18,AAPL,213.29248046875
2024-06-20,AAPL,208.70394897460938
2024-06-21,AAPL,206.52415466308594
2024-06-24,AAPL,207.17111206054688
2024-06-25,AAPL,208.09681701660156
2024-06-26,AAPL,212.25733947753906
2024-06-27,AAPL,213.1033935546875
2024-06-28,AAPL,209.6395721435547
2024-07-01,AAPL,215.7410430908203
2024-07-02,AAPL,219.24465942382812
2024-07-03,AAPL,220.51870727539062
2024-07-05,AAPL,225.28639221191406
2024-07-08,AAPL,226.759521484375
2024-07-09,AAPL,227.61550903320312
2024-07-10,AAPL,231.89549255371094
2024-07-11,AAPL,226.5106964111328
2024-07-12,AAPL,229.4668426513672
2024-07-15,AAPL,233.3088836669922
2024-07-16,AAPL,233.72694396972656
2024-07-17,AAPL,227.81459045410156
2024-07-18,AAPL,223.13644409179688
2024-07-19,AAPL,223.26585388183594
2024-07-22,AAPL,222.91749572753906
2024-07-23,AAPL,223.96258544921875
2024-07-24,AAPL,217.522705078125
2024-07-25,AAPL,216.47760009765625
2024-07-26,AAPL,216.9454345703125
2024-07-29,AAPL,217.22413635253906
2024-07-30,AAPL,217.78150939941406
2024-07-31,AAPL,221.04623413085938
2024-08-01,AAPL,217.3435516357422
2024-08-02,AAPL,218.83656311035156
2024-08-05,AAPL,208.29588317871094
2024-08-06,AAPL,206.26535034179688
2024-08-07,AAPL,208.8433074951172
2024-08-08,AAPL,212.3170623779297
2024-08-09,AAPL,215.23342895507812
2024-08-12,AAPL,216.7680206298828
2024-08-13,AAPL,220.4949493408203
2024-08-14,AAPL,220.94334411621094
2024-08-15,AAPL,223.932861328125
2024-08-16,AAPL,225.25819396972656
2024-08-19,AAPL,225.0987548828125
2024-08-20,AAPL,225.71656799316406
2024-08-21,AAPL,225.60696411132812
2024-08-22,AAPL,223.74349975585938
2024-08-23,AAPL,226.04542541503906
2024-08-26,AAPL,226.3842315673828
2024-08-27,AAPL,227.23126220703125
2024-08-28,AAPL,225.6966552734375
2024-08-29,AAPL,228.98509216308594
2024-08-30,AAPL,228.19784545898438
2024-09-03,AAPL,221.98968505859375
2024-09-04,AAPL,220.076416015625
2024-09-05,AAPL,221.60105895996094
2024-09-06,AAPL,220.0465087890625
2024-09-09,AAPL,220.13619995117188
2024-09-10,AAPL,219.3389892578125
2024-09-11,AAPL,221.8800811767578
2024-09-12,AAPL,221.98968505859375
2024-09-13,AAPL,221.72061157226562
2024-09-16,AAPL,215.56227111816406
2024-09-17,AAPL,216.03062438964844
2024-09-18,AAPL,219.91696166992188
2024-09-19,AAPL,228.0683135986328
2024-09-20,AAPL,227.40065002441406
2024-09-23,AAPL,225.67672729492188
2024-09-24,AAPL,226.57354736328125
2024-09-25,AAPL,225.57705688476562
2024-09-26,AAPL,226.72303771972656
2024-09-27,AAPL,226.99208068847656
2024-09-30,AAPL,232.183837890625
2024-10-01,AAPL,225.4176483154297
2024-10-02,AAPL,225.9856414794922
2024-10-03,AAPL,224.8795166015625
2024-10-04,AAPL,226.00555419921875
2024-10-07,AAPL,220.91346740722656
2024-10-08,AAPL,224.9791717529297
2024-10-09,AAPL,228.7359619140625
2024-10-10,AAPL,228.23770141601562
2024-10-11,AAPL,226.75294494628906
2024-10-14,AAPL,230.48980712890625
2024-10-15,AAPL,233.03086853027344
2024-10-16,AAPL,230.96812438964844
2024-10-17,AAPL,231.33682250976562
2024-10-18,AAPL,234.1768341064453
2024-10-21,AAPL,235.65164184570312
2024-10-22,AAPL,235.03382873535156
2024-10-23,AAPL,229.95167541503906
2024-10-24,AAPL,229.7623748779297
2024-10-25,AAPL,230.59942626953125
2024-10-28,AAPL,232.5824432373047
2024-10-29,AAPL,232.85150146484375
2024-10-30,AAPL,229.29400634765625
2024-10-31,AAPL,225.11868286132812
2024-11-01,AAPL,222.1291961669922
2024-11-04,AAPL,221.23233032226562
2024-11-05,AAPL,222.66729736328125
2024-11-06,AAPL,221.93984985351562
2024-11-07,AAPL,226.6831817626953
2024-11-08,AAPL,226.41383361816406
2024-11-11,AAPL,223.69039916992188
2024-11-12,AAPL,223.69039916992188
2024-11-13,AAPL,224.5782470703125
2024-11-14,AAPL,227.67079162597656
2024-11-15,AAPL,224.4585418701172
2024-11-18,AAPL,227.4712677001953
2024-11-19,AAPL,227.73065185546875
2024-11-20,AAPL,228.44891357421875
2024-11-21,AAPL,227.97007751464844
2024-11-22,AAPL,229.3168182373047
2024-11-25,AAPL,232.30960083007812
2024-11-26,AAPL,234.49432373046875
2024-11-27,AAPL,234.36463928222656
2024-11-29,AAPL,236.7588653564453
2024-12-02,AAPL,239.013427734375
2024-12-03,AAPL,242.06607055664062
2024-12-04,AAPL,242.42520141601562
2024-12-05,AAPL,242.4551239013672
2024-12-06,AAPL,242.25559997558594
2024-12-09,AAPL,246.1562042236328
2024-12-10,AAPL,247.1737518310547
2024-12-11,AAPL,245.89683532714844
2024-12-12,AAPL,247.36329650878906
2024-12-13,AAPL,247.5328826904297
2024-12-16,AAPL,250.43588256835938
2024-12-17,AAPL,252.8699951171875
2024-12-18,AAPL,247.4530792236328
2024-12-19,AAPL,249.1888885498047
2024-12-20,AAPL,253.87759399414062
2024-12-23,AAPL,254.6557159423828
2024-12-24,AAPL,257.57867431640625
2024-12-26,AAPL,258.39666748046875
2024-12-27,AAPL,254.9749298095703
2024-12-30,AAPL,251.59307861328125
2024-12-31,AAPL,249.81736755371094
2025-01-02,AAPL,243.26319885253906
2025-01-03,AAPL,242.7743682861328
2025-01-06,AAPL,244.41041564941406
2025-01-07,AAPL,241.62713623046875
2025-01-08,AAPL,242.11595153808594
2025-01-10,AAPL,236.28004455566406
2025-01-13,AAPL,233.83592224121094
2025-01-14,AAPL,232.71861267089844
2025-01-15,AAPL,237.2975616455078
2025-01-16,AAPL,227.710693359375
2025-01-17,AAPL,229.4265594482422
2025-01-21,AAPL,222.10421752929688
2025-01-22,AAPL,223.29136657714844
2025-01-23,AAPL,223.1217803955078
2025-01-24,AAPL,222.24388122558594
2025-01-27,AAPL,229.30685424804688
2025-01-28,AAPL,237.68663024902344
2025-01-29,AAPL,238.7839813232422
2025-01-30,AAPL,237.0182342529297
2025-01-31,AAPL,235.4320831298828
2025-02-03,AAPL,227.46128845214844
2025-02-04,AAPL,232.23977661132812
2025-02-05,AAPL,231.91058349609375
2025-02-06,AAPL,232.6587677001953
2025-02-07,AAPL,227.08221435546875
2025-02-10,AAPL,227.3518524169922
2025-02-11,AAPL,232.3153533935547
2025-02-12,AAPL,236.55978393554688
2025-02-13,AAPL,241.21368408203125
2025-02-14,AAPL,244.2796630859375
2025-02-18,AAPL,244.14984130859375
2025-02-19,AAPL,244.54930114746094
2025-02-20,AAPL,245.508056640625
2025-02-21,AAPL,245.22842407226562
2025-02-24,AAPL,246.77639770507812
2025-02-25,AAPL,246.71646118164062
2025-02-26,AAPL,240.0452117919922
2025-02-27,AAPL,236.98922729492188
2025-02-28,AAPL,241.5232696533203
2025-03-03,AAPL,237.71826171875
2025-03-04,AAPL,235.6210174560547
2025-03-05,AAPL,235.4312744140625
2025-03-06,AAPL,235.0218048095703
2025-03-07,AAPL,238.7569122314453
2025-03-10,AAPL,227.1820831298828
2025-03-11,AAPL,220.55078125
2025-03-12,AAPL,216.69583129882812
2025-03-13,AAPL,209.4053955078125
2025-03-14,AAPL,213.21041870117188
2025-03-17,AAPL,213.71974182128906
2025-03-18,AAPL,212.4114532470703
2025-03-19,AAPL,214.95811462402344
2025-03-20,AAPL,213.81961059570312
2025-03-21,AAPL,217.98414611816406
2025-03-24,AAPL,220.44091796875
2025-03-25,AAPL,223.45697021484375
2025-03-26,AAPL,221.2398681640625
2025-03-27,AAPL,223.5568389892578
2025-03-28,AAPL,217.6146240234375
2025-03-31,AAPL,221.83909606933594
2025-04-01,AAPL,222.897705078125
2025-04-02,AAPL,223.59678649902344
2025-04-03,AAPL,202.9239044189453
2025-04-04,AAPL,188.13330078125
2025-04-07,AAPL,181.2223663330078
2025-04-08,AAPL,172.19419860839844
2025-04-09,AAPL,198.58958435058594
2025-04-10,AAPL,190.17062377929688
2025-04-11,AAPL,197.89048767089844
2025-04-14,AAPL,202.25477600097656
2025-04-15,AAPL,201.87527465820312
2025-04-16,AAPL,194.0155792236328
2025-04-17,AAPL,196.72203063964844
2025-04-21,AAPL,192.9070281982422
2025-04-22,AAPL,199.47842407226562
2025-04-23,AAPL,204.33206176757812
2025-04-24,AAPL,208.09710693359375
2025-04-25,AAPL,209.00592041015625
2025-04-28,AAPL,209.8647918701172
2025-04-29,AAPL,210.9333953857422
2025-04-30,AAPL,212.22171020507812
2025-05-01,AAPL,213.04063415527344
2025-05-02,AAPL,205.08106994628906
2025-05-05,AAPL,198.62953186035156
2025-05-06,AAPL,198.25001525878906
2025-05-07,AAPL,195.99298095703125
2025-05-08,AAPL,197.2313690185547
2025-05-09,AAPL,198.27000427246094
2025-05-12,AAPL,210.7899932861328
2025-05-13,AAPL,212.92999267578125
2025-05-14,AAPL,212.3300018310547
2025-05-15,AAPL,211.4499969482422
2025-05-16,AAPL,211.25999450683594
2025-05-19,AAPL,208.77999877929688
2025-05-20,AAPL,206.86000061035156
2025-05-21,AAPL,202.08999633789062
2025-05-22,AAPL,201.36000061035156
2025-05-23,AAPL,195.27000427246094
2025-05-27,AAPL,200.2100067138672
2025-05-28,AAPL,200.4199981689453
2025-05-29,AAPL,199.9499969482422
2025-05-30,AAPL,200.85000610351562
2024-05-30,AMZN,179.32000732421875
2024-05-31,AMZN,176.44000244140625
2024-06-03,AMZN,178.33999633789062
2024-06-04,AMZN,179.33999633789062
2024-06-05,AMZN,181.27999877929688
2024-06-06,AMZN,185.0
2024-06-07,AMZN,184.3000030517578
2024-06-10,AMZN,187.05999755859375
2024-06-11,AMZN,187.22999572753906
2024-06-12,AMZN,186.88999938964844
2024-06-13,AMZN,183.8300018310547
2024-06-14,AMZN,183.66000366210938
2024-06-17,AMZN,184.05999755859375
2024-06-18,AMZN,182.80999755859375
2024-06-20,AMZN,186.10000610351562
2024-06-21,AMZN,189.0800018310547
2024-06-24,AMZN,185.57000732421875
2024-06-25,AMZN,186.33999633789062
2024-06-26,AMZN,193.61000061035156
2024-06-27,AMZN,197.85000610351562
2024-06-28,AMZN,193.25
2024-07-01,AMZN,197.1999969482422
2024-07-02,AMZN,200.0
2024-07-03,AMZN,197.58999633789062
2024-07-05,AMZN,200.0
2024-07-08,AMZN,199.2899932861328
2024-07-09,AMZN,199.33999633789062
2024-07-10,AMZN,199.7899932861328
2024-07-11,AMZN,195.0500030517578
2024-07-12,AMZN,194.49000549316406
2024-07-15,AMZN,192.72000122070312
2024-07-16,AMZN,193.02000427246094
2024-07-17,AMZN,187.92999267578125
2024-07-18,AMZN,183.75
2024-07-19,AMZN,183.1300048828125
2024-07-22,AMZN,182.5500030517578
2024-07-23,AMZN,186.41000366210938
2024-07-24,AMZN,180.8300018310547
2024-07-25,AMZN,179.85000610351562
2024-07-26,AMZN,182.5
2024-07-29,AMZN,183.1999969482422
2024-07-30,AMZN,181.7100067138672
2024-07-31,AMZN,186.97999572753906
2024-08-01,AMZN,184.07000732421875
2024-08-02,AMZN,167.89999389648438
2024-08-05,AMZN,161.02000427246094
2024-08-06,AMZN,161.92999267578125
2024-08-07,AMZN,162.77000427246094
2024-08-08,AMZN,165.8000030517578
2024-08-09,AMZN,166.94000244140625
2024-08-12,AMZN,166.8000030517578
2024-08-13,AMZN,170.22999572753906
2024-08-14,AMZN,170.10000610351562
2024-08-15,AMZN,177.58999633789062
2024-08-16,AMZN,177.05999755859375
2024-08-19,AMZN,178.22000122070312
2024-08-20,AMZN,178.8800048828125
2024-08-21,AMZN,180.11000061035156
2024-08-22,AMZN,176.1300048828125
2024-08-23,AMZN,177.0399932861328
2024-08-26,AMZN,175.5
2024-08-27,AMZN,173.1199951171875
2024-08-28,AMZN,170.8000030517578
2024-08-29,AMZN,172.1199951171875
2024-08-30,AMZN,178.5
2024-09-03,AMZN,176.25
2024-09-04,AMZN,173.3300018310547
2024-09-05,AMZN,177.88999938964844
2024-09-06,AMZN,171.38999938964844
2024-09-09,AMZN,175.39999389648438
2024-09-10,AMZN,179.5500030517578
2024-09-11,AMZN,184.52000427246094
2024-09-12,AMZN,187.0
2024-09-13,AMZN,186.49000549316406
2024-09-16,AMZN,184.88999938964844
2024-09-17,AMZN,186.8800048828125
2024-09-18,AMZN,186.42999267578125
2024-09-19,AMZN,189.8699951171875
2024-09-20,AMZN,191.60000610351562
2024-09-23,AMZN,193.8800048828125
2024-09-24,AMZN,193.9600067138672
2024-09-25,AMZN,192.52999877929688
2024-09-26,AMZN,191.16000366210938
2024-09-27,AMZN,187.97000122070312
2024-09-30,AMZN,186.3300018310547
2024-10-01,AMZN,185.1300048828125
2024-10-02,AMZN,184.75999450683594
2024-10-03,AMZN,181.9600067138672
2024-10-04,AMZN,186.50999450683594
2024-10-07,AMZN,180.8000030517578
2024-10-08,AMZN,182.72000122070312
2024-10-09,AMZN,185.1699981689453
2024-10-10,AMZN,186.64999389648438
2024-10-11,AMZN,188.82000732421875
2024-10-14,AMZN,187.5399932861328
2024-10-15,AMZN,187.69000244140625
2024-10-16,AMZN,186.88999938964844
2024-10-17,AMZN,187.52999877929688
2024-10-18,AMZN,188.99000549316406
2024-10-21,AMZN,189.07000732421875
2024-10-22,AMZN,189.6999969482422
2024-10-23,AMZN,184.7100067138672
2024-10-24,AMZN,186.3800048828125
2024-10-25,AMZN,187.8300018310547
2024-10-28,AMZN,188.38999938964844
2024-10-29,AMZN,190.8300018310547
2024-10-30,AMZN,192.72999572753906
2024-10-31,AMZN,186.39999389648438
2024-11-01,AMZN,197.92999267578125
2024-11-04,AMZN,195.77999877929688
2024-11-05,AMZN,199.5
2024-11-06,AMZN,207.08999633789062
2024-11-07,AMZN,210.0500030517578
2024-11-08,AMZN,208.17999267578125
2024-11-11,AMZN,206.83999633789062
2024-11-12,AMZN,208.91000366210938
2024-11-13,AMZN,214.10000610351562
2024-11-14,AMZN,211.47999572753906
2024-11-15,AMZN,202.61000061035156
2024-11-18,AMZN,201.6999969482422
2024-11-19,AMZN,204.61000061035156
2024-11-20,AMZN,202.8800048828125
2024-11-21,AMZN,198.3800048828125
2024-11-22,AMZN,197.1199951171875
2024-11-25,AMZN,201.4499969482422
2024-11-26,AMZN,207.86000061035156
2024-11-27,AMZN,205.74000549316406
2024-11-29,AMZN,207.88999938964844
2024-12-02,AMZN,210.7100067138672
2024-12-03,AMZN,213.44000244140625
2024-12-04,AMZN,218.16000366210938
2024-12-05,AMZN,220.5500030517578
2024-12-06,AMZN,227.02999877929688
2024-12-09,AMZN,226.08999633789062
2024-12-10,AMZN,225.0399932861328
2024-12-11,AMZN,230.25999450683594
2024-12-12,AMZN,228.97000122070312
2024-12-13,AMZN,227.4600067138672
2024-12-16,AMZN,232.92999267578125
2024-12-17,AMZN,231.14999389648438
2024-12-18,AMZN,220.52000427246094
2024-12-19,AMZN,223.2899932861328
2024-12-20,AMZN,224.9199981689453
2024-12-23,AMZN,225.05999755859375
2024-12-24,AMZN,229.0500030517578
2024-12-26,AMZN,227.0500030517578
2024-12-27,AMZN,223.75
2024-12-30,AMZN,221.3000030517578
2024-12-31,AMZN,219.38999938964844
2025-01-02,AMZN,220.22000122070312
2025-01-03,AMZN,224.19000244140625
2025-01-06,AMZN,227.61000061035156
2025-01-07,AMZN,222.11000061035156
2025-01-08,AMZN,222.1300048828125
2025-01-10,AMZN,218.94000244140625
2025-01-13,AMZN,218.4600067138672
2025-01-14,AMZN,217.75999450683594
2025-01-15,AMZN,223.35000610351562
2025-01-16,AMZN,220.66000366210938
2025-01-17,AMZN,225.94000244140625
2025-01-21,AMZN,230.7100067138672
2025-01-22,AMZN,235.00999450683594
2025-01-23,AMZN,235.4199981689453
2025-01-24,AMZN,234.85000610351562
2025-01-27,AMZN,235.4199981689453
2025-01-28,AMZN,238.14999389648438
2025-01-29,AMZN,237.07000732421875
2025-01-30,AMZN,234.63999938964844
2025-01-31,AMZN,237.67999267578125
2025-02-03,AMZN,237.4199981689453
2025-02-04,AMZN,242.05999755859375
2025-02-05,AMZN,236.1699981689453
2025-02-06,AMZN,238.8300018310547
2025-02-07,AMZN,229.14999389648438
2025-02-10,AMZN,233.13999938964844
2025-02-11,AMZN,232.75999450683594
2025-02-12,AMZN,228.92999267578125
2025-02-13,AMZN,230.3699951171875
2025-02-14,AMZN,228.67999267578125
2025-02-18,AMZN,226.64999389648438
2025-02-19,AMZN,226.6300048828125
2025-02-20,AMZN,222.8800048828125
2025-02-21,AMZN,216.5800018310547
2025-02-24,AMZN,212.7100067138672
2025-02-25,AMZN,212.8000030517578
2025-02-26,AMZN,214.35000610351562
2025-02-27,AMZN,208.74000549316406
2025-02-28,AMZN,212.27999877929688
2025-03-03,AMZN,205.02000427246094
2025-03-04,AMZN,203.8000030517578
2025-03-05,AMZN,208.36000061035156
2025-03-06,AMZN,200.6999969482422
2025-03-07,AMZN,199.25
2025-03-10,AMZN,194.5399932861328
2025-03-11,AMZN,196.58999633789062
2025-03-12,AMZN,198.88999938964844
2025-03-13,AMZN,193.88999938964844
2025-03-14,AMZN,197.9499969482422
2025-03-17,AMZN,195.74000549316406
2025-03-18,AMZN,192.82000732421875
2025-03-19,AMZN,195.5399932861328
2025-03-20,AMZN,194.9499969482422
2025-03-21,AMZN,196.2100067138672
2025-03-24,AMZN,203.25999450683594
2025-03-25,AMZN,205.7100067138672
2025-03-26,AMZN,201.1300048828125
2025-03-27,AMZN,201.36000061035156
2025-03-28,AMZN,192.72000122070312
2025-03-31,AMZN,190.25999450683594
2025-04-01,AMZN,192.1699981689453
2025-04-02,AMZN,196.00999450683594
2025-04-03,AMZN,178.41000366210938
2025-04-04,AMZN,171.0
2025-04-07,AMZN,175.25999450683594
2025-04-08,AMZN,170.66000366210938
2025-04-09,AMZN,191.10000610351562
2025-04-10,AMZN,181.22000122070312
2025-04-11,AMZN,184.8699951171875
2025-04-14,AMZN,182.1199951171875
2025-04-15,AMZN,179.58999633789062
2025-04-16,AMZN,174.3300018310547
2025-04-17,AMZN,172.61000061035156
2025-04-21,AMZN,167.32000732421875
2025-04-22,AMZN,173.17999267578125
2025-04-23,AMZN,180.60000610351562
2025-04-24,AMZN,186.5399932861328
2025-04-25,AMZN,188.99000549316406
2025-04-28,AMZN,187.6999969482422
2025-04-29,AMZN,187.38999938964844
2025-04-30,AMZN,184.4199981689453
2025-05-01,AMZN,190.1999969482422
2025-05-02,AMZN,189.97999572753906
2025-05-05,AMZN,186.35000610351562
2025-05-06,AMZN,185.00999450683594
2025-05-07,AMZN,188.7100067138672
2025-05-08,AMZN,192.0800018310547
2025-05-09,AMZN,193.05999755859375
2025-05-12,AMZN,208.63999938964844
2025-05-13,AMZN,211.3699951171875
2025-05-14,AMZN,210.25
2025-05-15,AMZN,205.1699981689453
2025-05-16,AMZN,205.58999633789062
2025-05-19,AMZN,206.16000366210938
2025-05-20,AMZN,204.07000732421875
2025-05-21,AMZN,201.1199951171875
2025-05-22,AMZN,203.10000610351562
2025-05-23,AMZN,200.99000549316406
2025-05-27,AMZN,206.02000427246094
2025-05-28,AMZN,204.72000122070312
2025-05-29,AMZN,205.6999969482422
2025-05-30,AMZN,205.00999450683594
2024-05-30,AVGO,134.7605438232422
2024-05-31,AVGO,131.25042724609375
2024-06-03,AVGO,130.59349060058594
2024-06-04,AVGO,131.47470092773438
2024-06-05,AVGO,139.60235595703125
2024-06-06,AVGO,138.43460083007812
2024-06-07,AVGO,138.9651336669922
2024-06-10,AVGO,142.30726623535156
2024-06-11,AVGO,144.33843994140625
2024-06-12,AVGO,147.7447967529297
2024-06-13,AVGO,165.87118530273438
2024-06-14,AVGO,171.4084930419922
2024-06-17,AVGO,180.6781768798828
2024-06-18,AVGO,178.0749969482422
2024-06-20,AVGO,171.36106872558594
2024-06-21,AVGO,163.8597869873047
2024-06-24,AVGO,157.79747009277344
2024-06-25,AVGO,156.66567993164062
2024-06-26,AVGO,157.77664184570312
2024-06-27,AVGO,157.24742126464844
2024-06-28,AVGO,159.1175537109375
2024-07-01,AVGO,162.613037109375
2024-07-02,AVGO,164.26611328125
2024-07-03,AVGO,171.37596130371094
2024-07-05,AVGO,168.80813598632812
2024-07-08,AVGO,173.02508544921875
2024-07-09,AVGO,171.78131103515625
2024-07-10,AVGO,172.9091339111328
2024-07-11,AVGO,169.06979370117188
2024-07-12,AVGO,168.5465087890625
2024-07-15,AVGO,169.8874053955078
2024-07-16,AVGO,167.8656463623047
2024-07-17,AVGO,154.58543395996094
2024-07-18,AVGO,159.08485412597656
2024-07-19,AVGO,155.9431915283203
2024-07-22,AVGO,159.62002563476562
2024-07-23,AVGO,162.30580139160156
2024-07-24,AVGO,149.98692321777344
2024-07-25,AVGO,147.925537109375
2024-07-26,AVGO,150.2743377685547
2024-07-29,AVGO,148.876953125
2024-07-30,AVGO,142.2368621826172
2024-07-31,AVGO,159.24342346191406
2024-08-01,AVGO,145.70556640625
2024-08-02,AVGO,142.5341796875
2024-08-05,AVGO,140.80970764160156
2024-08-06,AVGO,142.6332550048828
2024-08-07,AVGO,135.0516815185547
2024-08-08,AVGO,144.43701171875
2024-08-09,AVGO,146.9344482421875
2024-08-12,AVGO,147.29122924804688
2024-08-13,AVGO,154.7638397216797
2024-08-14,AVGO,156.28016662597656
2024-08-15,AVGO,164.6446990966797
2024-08-16,AVGO,164.2383575439453
2024-08-19,AVGO,166.2105712890625
2024-08-20,AVGO,164.46630859375
2024-08-21,AVGO,164.29782104492188
2024-08-22,AVGO,160.88858032226562
2024-08-23,AVGO,164.87265014648438
2024-08-26,AVGO,158.19288635253906
2024-08-27,AVGO,159.9470672607422
2024-08-28,AVGO,156.76576232910156
2024-08-29,AVGO,155.52694702148438
2024-08-30,AVGO,161.3643035888672
2024-09-03,AVGO,151.42396545410156
2024-09-04,AVGO,152.7420654296875
2024-09-05,AVGO,151.45370483398438
2024-09-06,AVGO,135.775146484375
2024-09-09,AVGO,139.5609893798828
2024-09-10,AVGO,146.88491821289062
2024-09-11,AVGO,156.85498046875
2024-09-12,AVGO,163.08872985839844
2024-09-13,AVGO,166.19076538085938
2024-09-16,AVGO,162.55357360839844
2024-09-17,AVGO,161.01742553710938
2024-09-18,AVGO,160.22457885742188
2024-09-19,AVGO,166.46888732910156
2024-09-20,AVGO,170.1280059814453
2024-09-23,AVGO,171.95753479003906
2024-09-24,AVGO,173.84674072265625
2024-09-25,AVGO,174.52288818359375
2024-09-26,AVGO,177.07827758789062
2024-09-27,AVGO,171.70895385742188
2024-09-30,AVGO,171.52003479003906
2024-10-01,AVGO,166.5186004638672
2024-10-02,AVGO,169.69049072265625
2024-10-03,AVGO,170.9134979248047
2024-10-04,AVGO,175.63650512695312
2024-10-07,AVGO,174.08538818359375
2024-10-08,AVGO,179.70327758789062
2024-10-09,AVGO,184.8936309814453
2024-10-10,AVGO,184.63510131835938
2024-10-11,AVGO,180.44900512695312
2024-10-14,AVGO,181.2742919921875
2024-10-15,AVGO,174.98025512695312
2024-10-16,AVGO,175.8155059814453
2024-10-17,AVGO,180.4987335205078
2024-10-18,AVGO,178.86805725097656
2024-10-21,AVGO,178.9674835205078
2024-10-22,AVGO,178.3609619140625
2024-10-23,AVGO,172.5242919921875
2024-10-24,AVGO,170.37657165527344
2024-10-25,AVGO,172.01719665527344
2024-10-28,AVGO,171.0427703857422
2024-10-29,AVGO,178.22174072265625
2024-10-30,AVGO,175.63650512695312
2024-10-31,AVGO,168.80555725097656
2024-11-01,AVGO,167.9603729248047
2024-11-04,AVGO,167.5924835205078
2024-11-05,AVGO,172.91207885742188
2024-11-06,AVGO,178.5299835205078
2024-11-07,AVGO,182.76577758789062
2024-11-08,AVGO,182.59674072265625
2024-11-11,AVGO,177.8936309814453
2024-11-12,AVGO,175.21890258789062
2024-11-13,AVGO,172.59390258789062
2024-11-14,AVGO,169.41207885742188
2024-11-15,AVGO,163.90353393554688
2024-11-18,AVGO,164.7288360595703
2024-11-19,AVGO,164.41064453125
2024-11-20,AVGO,162.3225860595703
2024-11-21,AVGO,163.0086669921875
2024-11-22,AVGO,163.29701232910156
2024-11-25,AVGO,163.8836669921875
2024-11-26,AVGO,163.8041229248047
2024-11-27,AVGO,158.76290893554688
2024-11-29,AVGO,161.1592254638672
2024-12-02,AVGO,165.56405639648438
2024-12-03,AVGO,167.1947479248047
2024-12-04,AVGO,169.59104919433594
2024-12-05,AVGO,169.50157165527344
2024-12-06,AVGO,178.51010131835938
2024-12-09,AVGO,177.9234619140625
2024-12-10,AVGO,170.83395385742188
2024-12-11,AVGO,182.15924072265625
2024-12-12,AVGO,179.63368225097656
2024-12-13,AVGO,223.52293395996094
2024-12-16,AVGO,248.5797576904297
2024-12-17,AVGO,238.86526489257812
2024-12-18,AVGO,222.34962463378906
2024-12-19,AVGO,217.07974243164062
2024-12-20,AVGO,219.5356903076172
2024-12-23,AVGO,231.6490478515625
2024-12-24,AVGO,238.95692443847656
2024-12-26,AVGO,244.6197967529297
2024-12-27,AVGO,241.0206756591797
2024-12-30,AVGO,234.86929321289062
2024-12-31,AVGO,231.1405792236328
2025-01-02,AVGO,231.2801513671875
2025-01-03,AVGO,231.8484344482422
2025-01-06,AVGO,235.69679260253906
2025-01-07,AVGO,227.95022583007812
2025-01-08,AVGO,228.6182098388672
2025-01-10,AVGO,223.63328552246094
2025-01-13,AVGO,224.61033630371094
2025-01-14,AVGO,224.02210998535156
2025-01-15,AVGO,227.31216430664062
2025-01-16,AVGO,228.71791076660156
2025-01-17,AVGO,236.72369384765625
2025-01-21,AVGO,239.58502197265625
2025-01-22,AVGO,240.18321228027344
2025-01-23,AVGO,239.55511474609375
2025-01-24,AVGO,243.96177673339844
2025-01-27,AVGO,201.5202178955078
2025-01-28,AVGO,206.73443603515625
2025-01-29,AVGO,205.72747802734375
2025-01-30,AVGO,215.0093994140625
2025-01-31,AVGO,220.60247802734375
2025-02-03,AVGO,217.07313537597656
2025-02-04,AVGO,221.7589569091797
2025-02-05,AVGO,231.3000946044922
2025-02-06,AVGO,230.6620330810547
2025-02-07,AVGO,224.1916046142578
2025-02-10,AVGO,234.33091735839844
2025-02-11,AVGO,234.33091735839844
2025-02-12,AVGO,235.63697814941406
2025-02-13,AVGO,235.08863830566406
2025-02-14,AVGO,232.33694458007812
2025-02-18,AVGO,227.84056091308594
2025-02-19,AVGO,228.0399627685547
2025-02-20,AVGO,226.05596923828125
2025-02-21,AVGO,218.00035095214844
2025-02-24,AVGO,207.30270385742188
2025-02-25,AVGO,201.92897033691406
2025-02-26,AVGO,212.29759216308594
2025-02-27,AVGO,197.20327758789062
2025-02-28,AVGO,198.82835388183594
2025-03-03,AVGO,186.8047332763672
2025-03-04,AVGO,186.91439819335938
2025-03-05,AVGO,191.00204467773438
2025-03-06,AVGO,178.90863037109375
2025-03-07,AVGO,194.37184143066406
2025-03-10,AVGO,183.89353942871094
2025-03-11,AVGO,189.5165252685547
2025-03-12,AVGO,193.64404296875
2025-03-13,AVGO,190.78269958496094
2025-03-14,AVGO,194.95008850097656
2025-03-17,AVGO,193.91322326660156
2025-03-18,AVGO,188.10081481933594
2025-03-19,AVGO,194.98001098632812
2025-03-20,AVGO,190.5399932861328
2025-03-21,AVGO,191.66000366210938
2025-03-24,AVGO,191.25
2025-03-25,AVGO,188.25999450683594
2025-03-26,AVGO,179.27000427246094
2025-03-27,AVGO,171.99000549316406
2025-03-28,AVGO,169.1199951171875
2025-03-31,AVGO,167.42999267578125
2025-04-01,AVGO,168.52000427246094
2025-04-02,AVGO,172.08999633789062
2025-04-03,AVGO,154.00999450683594
2025-04-04,AVGO,146.2899932861328
2025-04-07,AVGO,154.13999938964844
2025-04-08,AVGO,156.02999877929688
2025-04-09,AVGO,185.14999389648438
2025-04-10,AVGO,172.3000030517578
2025-04-11,AVGO,181.94000244140625
2025-04-14,AVGO,178.36000061035156
2025-04-15,AVGO,178.9499969482422
2025-04-16,AVGO,174.61000061035156
2025-04-17,AVGO,170.99000549316406
2025-04-21,AVGO,166.2100067138672
2025-04-22,AVGO,169.5800018310547
2025-04-23,AVGO,176.91000366210938
2025-04-24,AVGO,188.14999389648438
2025-04-25,AVGO,192.30999755859375
2025-04-28,AVGO,192.47000122070312
2025-04-29,AVGO,191.1699981689453
2025-04-30,AVGO,192.47000122070312
2025-05-01,AVGO,197.3300018310547
2025-05-02,AVGO,203.63999938964844
2025-05-05,AVGO,200.72000122070312
2025-05-06,AVGO,200.08999633789062
2025-05-07,AVGO,204.80999755859375
2025-05-08,AVGO,207.77000427246094
2025-05-09,AVGO,208.1999969482422
2025-05-12,AVGO,221.5800018310547
2025-05-13,AVGO,232.4199981689453
2025-05-14,AVGO,232.1199951171875
2025-05-15,AVGO,232.63999938964844
2025-05-16,AVGO,228.61000061035156
2025-05-19,AVGO,230.6300048828125
2025-05-20,AVGO,231.67999267578125
2025-05-21,AVGO,229.72999572753906
2025-05-22,AVGO,230.52999877929688
2025-05-23,AVGO,228.72000122070312
2025-05-27,AVGO,235.64999389648438
2025-05-28,AVGO,239.42999267578125
2025-05-29,AVGO,241.97000122070312
2025-05-30,AVGO,242.07000732421875
2024-05-30,GOOG,172.53443908691406
2024-05-31,GOOG,172.93206787109375
2024-06-03,GOOG,173.3893585205078
2024-06-04,GOOG,174.0951690673828
2024-06-05,GOOG,176.02369689941406
2024-06-06,GOOG,177.29612731933594
2024-06-07,GOOG,174.91030883789062
2024-06-10,GOOG,175.7860870361328
2024-06-11,GOOG,177.33865356445312
2024-06-12,GOOG,178.70208740234375
2024-06-13,GOOG,175.8955841064453
2024-06-14,GOOG,177.51779174804688
2024-06-17,GOOG,177.9258270263672
2024-06-18,GOOG,175.60694885253906
2024-06-20,GOOG,176.86094665527344
2024-06-21,GOOG,179.39874267578125
2024-06-24,GOOG,179.9262237548828
2024-06-25,GOOG,184.69334411621094
2024-06-26,GOOG,184.4843292236328
2024-06-27,GOOG,185.96722412109375
2024-06-28,GOOG,182.54364013671875
2024-07-01,GOOG,183.60855102539062
2024-07-02,GOOG,185.71841430664062
2024-07-03,GOOG,186.49468994140625
2024-07-05,GOOG,191.04286193847656
2024-07-08,GOOG,189.56991577148438
2024-07-09,GOOG,189.5301055908203
2024-07-10,GOOG,191.73951721191406
2024-07-11,GOOG,186.40512084960938
2024-07-12,GOOG,185.8876190185547
2024-07-15,GOOG,187.29086303710938
2024-07-16,GOOG,184.61370849609375
2024-07-17,GOOG,181.7474822998047
2024-07-18,GOOG,178.3637237548828
2024-07-19,GOOG,178.5329132080078
2024-07-22,GOOG,182.4739990234375
2024-07-23,GOOG,182.72280883789062
2024-07-24,GOOG,173.53689575195312
2024-07-25,GOOG,168.35179138183594
2024-07-26,GOOG,167.8740692138672
2024-07-29,GOOG,170.3123779296875
2024-07-30,GOOG,171.03890991210938
2024-07-31,GOOG,172.32272338867188
2024-08-01,GOOG,171.62606811523438
2024-08-02,GOOG,167.5954132080078
2024-08-05,GOOG,159.87249755859375
2024-08-06,GOOG,159.77294921875
2024-08-07,GOOG,159.98196411132812
2024-08-08,GOOG,163.05718994140625
2024-08-09,GOOG,164.5998077392578
2024-08-12,GOOG,163.16668701171875
2024-08-13,GOOG,165.13720703125
2024-08-14,GOOG,161.255859375
2024-08-15,GOOG,162.39041137695312
2024-08-16,GOOG,163.95291137695312
2024-08-19,GOOG,167.5954132080078
2024-08-20,GOOG,168.1527557373047
2024-08-21,GOOG,166.82911682128906
2024-08-22,GOOG,164.69932556152344
2024-08-23,GOOG,166.63006591796875
2024-08-26,GOOG,167.12765502929688
2024-08-27,GOOG,165.5850830078125
2024-08-28,GOOG,163.71405029296875
2024-08-29,GOOG,162.6193084716797
2024-08-30,GOOG,164.32113647460938
2024-09-03,GOOG,157.85220336914062
2024-09-04,GOOG,157.05601501464844
2024-09-05,GOOG,157.8422393798828
2024-09-06,GOOG,151.40316772460938
2024-09-09,GOOG,149.02142333984375
2024-09-10,GOOG,149.4897918701172
2024-09-11,GOOG,151.62237548828125
2024-09-12,GOOG,155.00062561035156
2024-09-13,GOOG,157.82081604003906
2024-09-16,GOOG,158.4386749267578
2024-09-17,GOOG,159.7241973876953
2024-09-18,GOOG,160.25234985351562
2024-09-19,GOOG,162.67393493652344
2024-09-20,GOOG,164.06907653808594
2024-09-23,GOOG,162.50453186035156
2024-09-24,GOOG,163.07254028320312
2024-09-25,GOOG,162.42478942871094
2024-09-26,GOOG,163.2618865966797
2024-09-27,GOOG,164.71682739257812
2024-09-30,GOOG,166.6102294921875
2024-10-01,GOOG,167.83596801757812
2024-10-02,GOOG,166.7298126220703
2024-10-03,GOOG,166.6301727294922
2024-10-04,GOOG,167.97547912597656
2024-10-07,GOOG,163.81993103027344
2024-10-08,GOOG,165.12538146972656
2024-10-09,GOOG,162.4945526123047
2024-10-10,GOOG,162.61412048339844
2024-10-11,GOOG,163.94949340820312
2024-10-14,GOOG,165.7731475830078
2024-10-15,GOOG,166.32122802734375
2024-10-16,GOOG,166.16180419921875
2024-10-17,GOOG,163.9395294189453
2024-10-18,GOOG,164.47764587402344
2024-10-21,GOOG,165.22506713867188
2024-10-22,GOOG,166.24151611328125
2024-10-23,GOOG,163.9096221923828
2024-10-24,GOOG,163.95945739746094
2024-10-25,GOOG,166.41091918945312
2024-10-28,GOOG,167.75624084472656
2024-10-29,GOOG,170.54652404785156
2024-10-30,GOOG,175.52920532226562
2024-10-31,GOOG,172.09117126464844
2024-11-01,GOOG,172.05130004882812
2024-11-04,GOOG,170.08810424804688
2024-11-05,GOOG,170.8155975341797
2024-11-06,GOOG,177.71160888671875
2024-11-07,GOOG,181.6479034423828
2024-11-08,GOOG,179.23631286621094
2024-11-11,GOOG,181.33897399902344
2024-11-12,GOOG,182.68431091308594
2024-11-13,GOOG,179.86412048339844
2024-11-14,GOOG,176.73501586914062
2024-11-15,GOOG,173.2869873046875
2024-11-18,GOOG,176.18692016601562
2024-11-19,GOOG,178.95726013183594
2024-11-20,GOOG,176.71505737304688
2024-11-21,GOOG,168.6531219482422
2024-11-22,GOOG,165.99240112304688
2024-11-25,GOOG,168.84246826171875
2024-11-26,GOOG,170.02833557128906
2024-11-27,GOOG,170.22764587402344
2024-11-29,GOOG,169.89878845214844
2024-12-02,GOOG,172.38015747070312
2024-12-03,GOOG,172.42002868652344
2024-12-04,GOOG,175.4793701171875
2024-12-05,GOOG,173.70553588867188
2024-12-06,GOOG,175.87799072265625
2024-12-09,GOOG,176.68609619140625
2024-12-10,GOOG,186.09405517578125
2024-12-11,GOOG,196.25027465820312
2024-12-12,GOOG,193.17745971679688
2024-12-13,GOOG,190.93270874023438
2024-12-16,GOOG,197.69688415527344
2024-12-17,GOOG,196.65928649902344
2024-12-18,GOOG,189.70558166503906
2024-12-19,GOOG,189.2566375732422
2024-12-20,GOOG,192.50901794433594
2024-12-23,GOOG,195.5319366455078
2024-12-24,GOOG,197.10826110839844
2024-12-26,GOOG,196.6393585205078
2024-12-27,GOOG,193.58648681640625
2024-12-30,GOOG,192.23965454101562
2024-12-31,GOOG,189.99490356445312
2025-01-02,GOOG,190.18446350097656
2025-01-03,GOOG,192.6786346435547
2025-01-06,GOOG,197.49734497070312
2025-01-07,GOOG,196.25027465820312
2025-01-08,GOOG,194.93333435058594
2025-01-10,GOOG,192.71853637695312
2025-01-13,GOOG,191.840576171875
2025-01-14,GOOG,190.60348510742188
2025-01-15,GOOG,196.51962280273438
2025-01-16,GOOG,193.95562744140625
2025-01-17,GOOG,197.0883026123047
2025-01-21,GOOG,199.16343688964844
2025-01-22,GOOG,199.5625
2025-01-23,GOOG,199.11355590820312
2025-01-24,GOOG,201.42813110351562
2025-01-27,GOOG,193.317138671875
2025-01-28,GOOG,196.6094207763672
2025-01-29,GOOG,196.7191619873047
2025-01-30,GOOG,202.1564178466797
2025-01-31,GOOG,205.11949157714844
2025-02-03,GOOG,202.1663818359375
2025-02-04,GOOG,207.22454833984375
2025-02-05,GOOG,192.84823608398438
2025-02-06,GOOG,192.8582000732422
2025-02-07,GOOG,186.70262145996094
2025-02-10,GOOG,187.7601318359375
2025-02-11,GOOG,186.63279724121094
2025-02-12,GOOG,184.99661254882812
2025-02-13,GOOG,187.44088745117188
2025-02-14,GOOG,186.43325805664062
2025-02-18,GOOG,185.36575317382812
2025-02-19,GOOG,186.69264221191406
2025-02-20,GOOG,186.20379638671875
2025-02-21,GOOG,181.15562438964844
2025-02-24,GOOG,180.7665252685547
2025-02-25,GOOG,176.9554443359375
2025-02-26,GOOG,174.29168701171875
2025-02-27,GOOG,169.81219482421875
2025-02-28,GOOG,171.81748962402344
2025-03-03,GOOG,168.2658233642578
2025-03-04,GOOG,172.2065887451172
2025-03-05,GOOG,174.58103942871094
2025-03-06,GOOG,173.8028564453125
2025-03-07,GOOG,175.33924865722656
2025-03-10,GOOG,167.60853576660156
2025-03-11,GOOG,165.78073120117188
2025-03-12,GOOG,168.79710388183594
2025-03-13,GOOG,164.5322265625
2025-03-14,GOOG,167.41876220703125
2025-03-17,GOOG,166.37002563476562
2025-03-18,GOOG,162.47470092773438
2025-03-19,GOOG,166.0803680419922
2025-03-20,GOOG,164.8518524169922
2025-03-21,GOOG,166.0504150390625
2025-03-24,GOOG,169.72598266601562
2025-03-25,GOOG,172.58255004882812
2025-03-26,GOOG,166.9393310546875
2025-03-27,GOOG,163.8830108642578
2025-03-28,GOOG,155.8726348876953
2025-03-31,GOOG,156.0424346923828
2025-04-01,GOOG,158.6892547607422
2025-04-02,GOOG,158.66928100585938
2025-04-03,GOOG,152.44676208496094
2025-04-04,GOOG,147.56263732910156
2025-04-07,GOOG,149.0608367919922
2025-04-08,GOOG,146.40402221679688
2025-04-09,GOOG,160.86663818359375
2025-04-10,GOOG,155.1834716796875
2025-04-11,GOOG,159.2086181640625
2025-04-14,GOOG,161.27615356445312
2025-04-15,GOOG,158.48948669433594
2025-04-16,GOOG,155.3133087158203
2025-04-17,GOOG,153.17588806152344
2025-04-21,GOOG,149.68008422851562
2025-04-22,GOOG,153.71522521972656
2025-04-23,GOOG,157.53065490722656
2025-04-24,GOOG,161.27615356445312
2025-04-25,GOOG,163.65328979492188
2025-04-28,GOOG,162.22500610351562
2025-04-29,GOOG,161.8654327392578
2025-04-30,GOOG,160.69683837890625
2025-05-01,GOOG,162.5945587158203
2025-05-02,GOOG,165.61093139648438
2025-05-05,GOOG,165.85064697265625
2025-05-06,GOOG,165.0016632080078
2025-05-07,GOOG,152.61656188964844
2025-05-08,GOOG,155.56301879882812
2025-05-09,GOOG,154.1946563720703
2025-05-12,GOOG,159.38841247558594
2025-05-13,GOOG,160.69683837890625
2025-05-14,GOOG,166.60972595214844
2025-05-15,GOOG,165.201416015625
2025-05-16,GOOG,167.22898864746094
2025-05-19,GOOG,167.66845703125
2025-05-20,GOOG,165.1215362548828
2025-05-21,GOOG,169.8558349609375
2025-05-22,GOOG,171.77352905273438
2025-05-23,GOOG,169.3863983154297
2025-05-27,GOOG,173.7711181640625
2025-05-28,GOOG,173.17185974121094
2025-05-29,GOOG,172.7523651123047
2025-05-30,GOOG,172.64248657226562
2024-05-30,GOOGL,171.08395385742188
2024-05-31,GOOGL,171.4716339111328
2024-06-03,GOOGL,172.1376190185547
2024-06-04,GOOGL,172.75393676757812
2024-06-05,GOOGL,174.36428833007812
2024-06-06,GOOGL,175.67642211914062
2024-06-07,GOOGL,173.41993713378906
2024-06-10,GOOGL,174.16632080078125
2024-06-11,GOOGL,175.7685546875
2024-06-12,GOOGL,176.93292236328125
2024-06-13,GOOGL,174.31561279296875
2024-06-14,GOOGL,175.937744140625
2024-06-17,GOOGL,176.3855743408203
2024-06-18,GOOGL,174.2459259033203
2024-06-20,GOOGL,175.45010375976562
2024-06-21,GOOGL,178.76405334472656
2024-06-24,GOOGL,178.3560333251953
2024-06-25,GOOGL,183.14283752441406
2024-06-26,GOOGL,182.99356079101562
2024-06-27,GOOGL,184.51620483398438
2024-06-28,GOOGL,181.2718963623047
2024-07-01,GOOGL,182.10784912109375
2024-07-02,GOOGL,184.3470001220703
2024-07-03,GOOGL,184.92420959472656
2024-07-05,GOOGL,189.68116760253906
2024-07-08,GOOGL,188.1187286376953
2024-07-09,GOOGL,188.0689697265625
2024-07-10,GOOGL,190.25836181640625
2024-07-11,GOOGL,184.67543029785156
2024-07-12,GOOGL,184.17782592773438
2024-07-15,GOOGL,185.6307830810547
2024-07-16,GOOGL,183.0333709716797
2024-07-17,GOOGL,180.14736938476562
2024-07-18,GOOGL,176.83338928222656
2024-07-19,GOOGL,176.80355834960938
2024-07-22,GOOGL,180.79421997070312
2024-07-23,GOOGL,180.91363525390625
2024-07-24,GOOGL,171.79779052734375
2024-07-25,GOOGL,166.47357177734375
2024-07-26,GOOGL,166.19493103027344
2024-07-29,GOOGL,168.71273803710938
2024-07-30,GOOGL,169.4690704345703
2024-07-31,GOOGL,170.71304321289062
2024-08-01,GOOGL,169.9368133544922
2024-08-02,GOOGL,165.85658264160156
2024-08-05,GOOGL,158.4822998046875
2024-08-06,GOOGL,157.52691650390625
2024-08-07,GOOGL,158.17379760742188
2024-08-08,GOOGL,161.24888610839844
2024-08-09,GOOGL,162.8809814453125
2024-08-12,GOOGL,161.5076446533203
2024-08-13,GOOGL,163.36863708496094
2024-08-14,GOOGL,159.59689331054688
2024-08-15,GOOGL,160.5224151611328
2024-08-16,GOOGL,162.17442321777344
2024-08-19,GOOGL,165.8665313720703
2024-08-20,GOOGL,166.3740692138672
2024-08-21,GOOGL,165.0504913330078
2024-08-22,GOOGL,163.01036071777344
2024-08-23,GOOGL,164.82159423828125
2024-08-26,GOOGL,165.35899353027344
2024-08-27,GOOGL,163.8861083984375
2024-08-28,GOOGL,162.06494140625
2024-08-29,GOOGL,161.00009155273438
2024-08-30,GOOGL,162.59237670898438
2024-09-03,GOOGL,156.6013946533203
2024-09-04,GOOGL,155.69580078125
2024-09-05,GOOGL,156.48199462890625
2024-09-06,GOOGL,150.1924591064453
2024-09-09,GOOGL,148.1894989013672
2024-09-10,GOOGL,148.13967895507812
2024-09-11,GOOGL,150.63092041015625
2024-09-12,GOOGL,154.1485595703125
2024-09-13,GOOGL,156.90887451171875
2024-09-16,GOOGL,157.5067596435547
2024-09-17,GOOGL,158.76235961914062
2024-09-18,GOOGL,159.25062561035156
2024-09-19,GOOGL,161.57247924804688
2024-09-20,GOOGL,163.0174102783203
2024-09-23,GOOGL,161.28350830078125
2024-09-24,GOOGL,161.72195434570312
2024-09-25,GOOGL,160.9247589111328
2024-09-26,GOOGL,162.16041564941406
2024-09-27,GOOGL,163.3761444091797
2024-09-30,GOOGL,165.26950073242188
2024-10-01,GOOGL,166.40550231933594
2024-10-02,GOOGL,165.2794647216797
2024-10-03,GOOGL,165.2794647216797
2024-10-04,GOOGL,166.4752655029297
2024-10-07,GOOGL,162.40953063964844
2024-10-08,GOOGL,163.8046417236328
2024-10-09,GOOGL,161.29345703125
2024-10-10,GOOGL,161.51268005371094
2024-10-11,GOOGL,162.66864013671875
2024-10-14,GOOGL,164.3826141357422
2024-10-15,GOOGL,164.88087463378906
2024-10-16,GOOGL,164.5819091796875
2024-10-17,GOOGL,162.35971069335938
2024-10-18,GOOGL,162.84799194335938
2024-10-21,GOOGL,163.49574279785156
2024-10-22,GOOGL,164.56198120117188
2024-10-23,GOOGL,162.21023559570312
2024-10-24,GOOGL,162.15045166015625
2024-10-25,GOOGL,164.69154357910156
2024-10-28,GOOGL,166.13644409179688
2024-10-29,GOOGL,169.08607482910156
2024-10-30,GOOGL,173.84934997558594
2024-10-31,GOOGL,170.51107788085938
2024-11-01,GOOGL,170.69046020507812
2024-11-04,GOOGL,168.6476287841797
2024-11-05,GOOGL,169.1458740234375
2024-11-06,GOOGL,175.89218139648438
2024-11-07,GOOGL,180.11734008789062
2024-11-08,GOOGL,177.7257537841797
2024-11-11,GOOGL,179.71875
2024-11-12,GOOGL,180.9842987060547
2024-11-13,GOOGL,178.25389099121094
2024-11-14,GOOGL,174.96543884277344
2024-11-15,GOOGL,171.88626098632812
2024-11-18,GOOGL,174.68641662597656
2024-11-19,GOOGL,177.4965362548828
2024-11-20,GOOGL,175.36402893066406
2024-11-21,GOOGL,167.04327392578125
2024-11-22,GOOGL,164.1833038330078
2024-11-25,GOOGL,167.0631866455078
2024-11-26,GOOGL,168.52804565429688
2024-11-27,GOOGL,168.63766479492188
2024-11-29,GOOGL,168.358642578125
2024-12-02,GOOGL,170.8897705078125
2024-12-03,GOOGL,170.7402801513672
2024-12-04,GOOGL,173.75967407226562
2024-12-05,GOOGL,172.03573608398438
2024-12-06,GOOGL,174.09849548339844
2024-12-09,GOOGL,174.95645141601562
2024-12-10,GOOGL,184.7333526611328
2024-12-11,GOOGL,194.939208984375
2024-12-12,GOOGL,191.50735473632812
2024-12-13,GOOGL,189.3723907470703
2024-12-16,GOOGL,196.19625854492188
2024-12-17,GOOGL,194.95916748046875
2024-12-18,GOOGL,187.9557342529297
2024-12-19,GOOGL,188.06546020507812
2024-12-20,GOOGL,190.95863342285156
2024-12-23,GOOGL,194.17103576660156
2024-12-24,GOOGL,195.64755249023438
2024-12-26,GOOGL,195.1387481689453
2024-12-27,GOOGL,192.30543518066406
2024-12-30,GOOGL,190.78904724121094
2024-12-31,GOOGL,188.85360717773438
2025-01-02,GOOGL,188.98329162597656
2025-01-03,GOOGL,191.3377227783203
2025-01-06,GOOGL,196.40576171875
2025-01-07,GOOGL,195.02902221679688
2025-01-08,GOOGL,193.49264526367188
2025-01-10,GOOGL,191.58712768554688
2025-01-13,GOOGL,190.5595703125
2025-01-14,GOOGL,189.2127685546875
2025-01-15,GOOGL,195.0888671875
2025-01-16,GOOGL,192.45509338378906
2025-01-17,GOOGL,195.53781127929688
2025-01-21,GOOGL,197.58297729492188
2025-01-22,GOOGL,197.9022216796875
2025-01-23,GOOGL,197.5131378173828
2025-01-24,GOOGL,199.73788452148438
2025-01-27,GOOGL,191.35769653320312
2025-01-28,GOOGL,194.83946228027344
2025-01-29,GOOGL,194.94920349121094
2025-01-30,GOOGL,200.39633178710938
2025-01-31,GOOGL,203.5388946533203
2025-02-03,GOOGL,200.75546264648438
2025-02-04,GOOGL,205.89334106445312
2025-02-05,GOOGL,190.8788299560547
2025-02-06,GOOGL,191.148193359375
2025-02-07,GOOGL,184.90293884277344
2025-02-10,GOOGL,186.03028869628906
2025-02-11,GOOGL,184.8830108642578
2025-02-12,GOOGL,183.17701721191406
2025-02-13,GOOGL,185.70106506347656
2025-02-14,GOOGL,184.79319763183594
2025-02-18,GOOGL,183.33665466308594
2025-02-19,GOOGL,184.83311462402344
2025-02-20,GOOGL,184.12478637695312
2025-02-21,GOOGL,179.23634338378906
2025-02-24,GOOGL,178.8273162841797
2025-02-25,GOOGL,175.00633239746094
2025-02-26,GOOGL,172.3226776123047
2025-02-27,GOOGL,168.1026611328125
2025-02-28,GOOGL,169.8784637451172
2025-03-03,GOOGL,166.6161651611328
2025-03-04,GOOGL,170.51695251464844
2025-03-05,GOOGL,172.6120147705078
2025-03-06,GOOGL,171.94358825683594
2025-03-07,GOOGL,173.45001220703125
2025-03-10,GOOGL,165.66943359375
2025-03-11,GOOGL,163.84164428710938
2025-03-12,GOOGL,166.90794372558594
2025-03-13,GOOGL,162.56320190429688
2025-03-14,GOOGL,165.28990173339844
2025-03-17,GOOGL,164.09133911132812
2025-03-18,GOOGL,160.47572326660156
2025-03-19,GOOGL,163.69183349609375
2025-03-20,GOOGL,162.6031494140625
2025-03-21,GOOGL,163.79171752929688
2025-03-24,GOOGL,167.4772491455078
2025-03-25,GOOGL,170.353759765625
2025-03-26,GOOGL,164.86041259765625
2025-03-27,GOOGL,162.04383850097656
2025-03-28,GOOGL,154.14340209960938
2025-03-31,GOOGL,154.45301818847656
2025-04-01,GOOGL,156.8800811767578
2025-04-02,GOOGL,156.85011291503906
2025-04-03,GOOGL,150.5377655029297
2025-04-04,GOOGL,145.4239501953125
2025-04-07,GOOGL,146.5725555419922
2025-04-08,GOOGL,144.52503967285156
2025-04-09,GOOGL,158.51809692382812
2025-04-10,GOOGL,152.63522338867188
2025-04-11,GOOGL,156.9499969482422
2025-04-14,GOOGL,158.87767028808594
2025-04-15,GOOGL,156.12100219726562
2025-04-16,GOOGL,153.1446075439453
2025-04-17,GOOGL,150.97723388671875
2025-04-21,GOOGL,147.49143981933594
2025-04-22,GOOGL,151.28684997558594
2025-04-23,GOOGL,155.16217041015625
2025-04-24,GOOGL,159.08740234375
2025-04-25,GOOGL,161.76417541503906
2025-04-28,GOOGL,160.41580200195312
2025-04-29,GOOGL,159.9663543701172
2025-04-30,GOOGL,158.6079864501953
2025-05-01,GOOGL,161.10496520996094
2025-05-02,GOOGL,163.8316650390625
2025-05-05,GOOGL,164.01145935058594
2025-05-06,GOOGL,163.03262329101562
2025-05-07,GOOGL,151.19696044921875
2025-05-08,GOOGL,154.0934600830078
2025-05-09,GOOGL,152.5653076171875
2025-05-12,GOOGL,158.26840209960938
2025-05-13,GOOGL,159.33709716796875
2025-05-14,GOOGL,165.1700439453125
2025-05-15,GOOGL,163.76174926757812
2025-05-16,GOOGL,165.9890594482422
2025-05-19,GOOGL,166.338623046875
2025-05-20,GOOGL,163.78172302246094
2025-05-21,GOOGL,168.35618591308594
2025-05-22,GOOGL,170.66339111328125
2025-05-23,GOOGL,168.26629638671875
2025-05-27,GOOGL,172.69093322753906
2025-05-28,GOOGL,172.15159606933594
2025-05-29,GOOGL,171.65219116210938
2025-05-30,GOOGL,171.5323486328125
2024-05-30,META,464.9945373535156
2024-05-31,META,464.7755432128906
2024-06-03,META,475.3885803222656
2024-06-04,META,474.89080810546875
2024-06-05,META,492.88128662109375
2024-06-06,META,491.5870361328125
2024-06-07,META,490.79052734375
2024-06-10,META,500.38812255859375
2024-06-11,META,505.2366943359375
2024-06-12,META,506.6006164550781
2024-06-13,META,501.88153076171875
2024-06-14,META,502.4396057128906
2024-06-17,META,504.90118408203125
2024-06-18,META,497.7854919433594
2024-06-20,META,499.9880065917969
2024-06-21,META,493.09161376953125
2024-06-24,META,497.20751953125
2024-06-25,META,508.8576354980469
2024-06-26,META,511.3689880371094
2024-06-27,META,517.7870483398438
2024-06-28,META,502.4993896484375
2024-07-01,META,502.9577941894531
2024-07-02,META,507.7613830566406
2024-07-03,META,508.21978759765625
2024-07-05,META,538.0675048828125
2024-07-08,META,527.5137329101562
2024-07-09,META,528.19140625
2024-07-10,META,532.8654174804688
2024-07-11,META,510.95050048828125
2024-07-12,META,497.1676330566406
2024-07-15,META,494.4668884277344
2024-07-16,META,488.11865234375
2024-07-17,META,460.4134826660156
2024-07-18,META,474.2261962890625
2024-07-19,META,475.16302490234375
2024-07-22,META,485.7367858886719
2024-07-23,META,487.02239990234375
2024-07-24,META,459.6959533691406
2024-07-25,META,451.8627624511719
2024-07-26,META,464.1108703613281
2024-07-29,META,464.12078857421875
2024-07-30,META,461.60943603515625
2024-07-31,META,473.2096862792969
2024-08-01,META,496.04150390625
2024-08-02,META,486.4742736816406
2024-08-05,META,474.10662841796875
2024-08-06,META,492.4039306640625
2024-08-07,META,487.25164794921875
2024-08-08,META,507.8909606933594
2024-08-09,META,516.0032348632812
2024-08-12,META,514.1893920898438
2024-08-13,META,526.7364501953125
2024-08-14,META,524.9624633789062
2024-08-15,META,535.4964599609375
2024-08-16,META,525.6201782226562
2024-08-19,META,527.473876953125
2024-08-20,META,524.9325561523438
2024-08-21,META,533.3338012695312
2024-08-22,META,530.1148071289062
2024-08-23,META,526.1983032226562
2024-08-26,META,519.3417358398438
2024-08-27,META,517.3285522460938
2024-08-28,META,515.0166015625
2024-08-29,META,516.4515991210938
2024-08-30,META,519.5310668945312
2024-09-03,META,510.013671875
2024-09-04,META,510.99029541015625
2024-09-05,META,515.0963134765625
2024-09-06,META,498.5628662109375
2024-09-09,META,503.06744384765625
2024-09-10,META,503.06744384765625
2024-09-11,META,510.0833740234375
2024-09-12,META,523.8064575195312
2024-09-13,META,522.8297729492188
2024-09-16,META,531.96728515625
2024-09-17,META,534.9998168945312
2024-09-18,META,536.625732421875
2024-09-19,META,557.7236328125
2024-09-20,META,559.9680786132812
2024-09-23,META,563.0205688476562
2024-09-24,META,561.9432983398438
2024-09-25,META,566.9109497070312
2024-09-26,META,566.4421997070312
2024-09-27,META,565.9633178710938
2024-09-30,META,571.0308227539062
2024-10-01,META,575.0509033203125
2024-10-02,META,571.3999633789062
2024-10-03,META,581.3353881835938
2024-10-04,META,594.4730224609375
2024-10-07,META,583.3404541015625
2024-10-08,META,591.4304809570312
2024-10-09,META,589.0563354492188
2024-10-10,META,582.3927612304688
2024-10-11,META,588.4977416992188
2024-10-14,META,588.9664916992188
2024-10-15,META,584.8267822265625
2024-10-16,META,575.3701171875
2024-10-17,META,575.5098266601562
2024-10-18,META,575.0509033203125
2024-10-21,META,573.7440795898438
2024-10-22,META,580.5773315429688
2024-10-23,META,562.3023071289062
2024-10-24,META,566.38232421875
2024-10-25,META,571.8388061523438
2024-10-28,META,576.7366943359375
2024-10-29,META,591.819580078125
2024-10-30,META,590.3431396484375
2024-10-31,META,566.1828002929688
2024-11-01,META,565.7638549804688
2024-11-04,META,559.2997436523438
2024-11-05,META,571.0208129882812
2024-11-06,META,570.6417846679688
2024-11-07,META,590.2434692382812
2024-11-08,META,587.8892822265625
2024-11-11,META,581.734375
2024-11-12,META,583.38037109375
2024-11-13,META,578.5722045898438
2024-11-14,META,575.7391967773438
2024-11-15,META,552.7160034179688
2024-11-18,META,553.0352783203125
2024-11-19,META,559.7088012695312
2024-11-20,META,564.1278686523438
2024-11-21,META,561.703857421875
2024-11-22,META,557.763671875
2024-11-25,META,563.7189331054688
2024-11-26,META,572.1281127929688
2024-11-27,META,567.798828125
2024-11-29,META,572.90625
2024-12-02,META,591.3706665039062
2024-12-03,META,612.139404296875
2024-12-04,META,612.2691040039062
2024-12-05,META,607.4309692382812
2024-12-06,META,622.2344970703125
2024-12-09,META,612.0595703125
2024-12-10,META,617.7954711914062
2024-12-11,META,631.1224975585938
2024-12-12,META,629.2371826171875
2024-12-13,META,618.8228759765625
2024-12-16,META,623.2056274414062
2024-12-17,META,618.41357421875
2024-12-18,META,596.200439453125
2024-12-19,META,594.5830688476562
2024-12-20,META,584.2802124023438
2024-12-23,META,598.8560180664062
2024-12-24,META,606.742919921875
2024-12-26,META,602.3502197265625
2024-12-27,META,598.8161010742188
2024-12-30,META,590.26025390625
2024-12-31,META,584.539794921875
2025-01-02,META,598.2470092773438
2025-01-03,META,603.6280517578125
2025-01-06,META,629.15576171875
2025-01-07,META,616.8661499023438
2025-01-08,META,609.7080078125
2025-01-10,META,614.8394775390625
2025-01-13,META,607.322021484375
2025-01-14,META,593.2653198242188
2025-01-15,META,616.097412109375
2025-01-16,META,610.2869873046875
2025-01-17,META,611.754638671875
2025-01-21,META,615.4385375976562
2025-01-22,META,622.4668579101562
2025-01-23,META,635.3953857421875
2025-01-24,META,646.4170532226562
2025-01-27,META,658.7865600585938
2025-01-28,META,673.2125854492188
2025-01-29,META,675.3690185546875
2025-01-30,META,685.8616333007812
2025-01-31,META,688.0379638671875
2025-02-03,META,696.3043212890625
2025-02-04,META,703.0231323242188
2025-02-05,META,703.7020263671875
2025-02-06,META,710.8101806640625
2025-02-07,META,713.3359985351562
2025-02-10,META,716.2112426757812
2025-02-11,META,718.6072387695312
2025-02-12,META,724.1780395507812
2025-02-13,META,727.352783203125
2025-02-14,META,735.4493408203125
2025-02-18,META,715.1829223632812
2025-02-19,META,702.6038818359375
2025-02-20,META,693.6886596679688
2025-02-21,META,682.4172973632812
2025-02-24,META,667.0228881835938
2025-02-25,META,656.4105224609375
2025-02-26,META,672.5836791992188
2025-02-27,META,657.1492919921875
2025-02-28,META,667.0927734375
2025-03-03,META,653.9645385742188
2025-03-04,META,638.939453125
2025-03-05,META,655.3822021484375
2025-03-06,META,626.8894653320312
2025-03-07,META,624.6232299804688
2025-03-10,META,596.9990844726562
2025-03-11,META,604.7063598632812
2025-03-12,META,618.5333862304688
2025-03-13,META,589.6613159179688
2025-03-14,META,607.1328125
2025-03-17,META,604.4349365234375
2025-03-18,META,581.9122314453125
2025-03-19,META,583.6109619140625
2025-03-20,META,585.5494384765625
2025-03-21,META,595.7915649414062
2025-03-24,META,618.3742065429688
2025-03-25,META,625.8284912109375
2025-03-26,META,610.51025390625
2025-03-27,META,602.11669921875
2025-03-28,META,576.2965698242188
2025-03-31,META,575.9168701171875
2025-04-01,META,585.5494384765625
2025-04-02,META,583.4810180664062
2025-04-03,META,531.2112426757812
2025-04-04,META,504.3419494628906
2025-04-07,META,515.8530883789062
2025-04-08,META,510.05755615234375
2025-04-09,META,585.3196411132812
2025-04-10,META,545.8699951171875
2025-04-11,META,543.152099609375
2025-04-14,META,531.0713500976562
2025-04-15,META,521.1190795898438
2025-04-16,META,501.9237976074219
2025-04-17,META,501.0944519042969
2025-04-21,META,484.2873840332031
2025-04-22,META,499.8953552246094
2025-04-23,META,519.8699951171875
2025-04-24,META,532.7401123046875
2025-04-25,META,546.8492431640625
2025-04-28,META,549.3173217773438
2025-04-29,META,554.0137329101562
2025-04-30,META,548.577880859375
2025-05-01,META,571.7700805664062
2025-05-02,META,596.56103515625
2025-05-05,META,598.8092651367188
2025-05-06,META,586.8584594726562
2025-05-07,META,596.3511352539062
2025-05-08,META,597.5502319335938
2025-05-09,META,592.0344848632812
2025-05-12,META,638.9383544921875
2025-05-13,META,655.525634765625
2025-05-14,META,658.85302734375
2025-05-15,META,643.3849487304688
2025-05-16,META,639.8477172851562
2025-05-19,META,639.9376220703125
2025-05-20,META,636.6101684570312
2025-05-21,META,635.0114135742188
2025-05-22,META,636.08056640625
2025-05-23,META,626.577880859375
2025-05-27,META,641.826171875
2025-05-28,META,643.085205078125
2025-05-29,META,644.5540771484375
2025-05-30,META,646.9921875
2024-05-30,MSFT,411.51495361328125
2024-05-31,MSFT,411.971435546875
2024-06-03,MSFT,410.3736877441406
2024-06-04,MSFT,412.904296875
2024-06-05,MSFT,420.78387451171875
2024-06-06,MSFT,421.28997802734375
2024-06-07,MSFT,420.6250915527344
2024-06-10,MSFT,424.6144714355469
2024-06-11,MSFT,429.38787841796875
2024-06-12,MSFT,437.7041320800781
2024-06-13,MSFT,438.2201843261719
2024-06-14,MSFT,439.2026672363281
2024-06-17,MSFT,444.9585266113281
2024-06-18,MSFT,442.9439697265625
2024-06-20,MSFT,442.3088684082031
2024-06-21,MSFT,446.3578186035156
2024-06-24,MSFT,444.2638854980469
2024-06-25,MSFT,447.5188903808594
2024-06-26,MSFT,448.71966552734375
2024-06-27,MSFT,449.4044189453125
2024-06-28,MSFT,443.5493469238281
2024-07-01,MSFT,453.2549133300781
2024-07-02,MSFT,455.7854919433594
2024-07-03,MSFT,457.26416015625
2024-07-05,MSFT,464.00250244140625
2024-07-08,MSFT,462.6925354003906
2024-07-09,MSFT,456.0435485839844
2024-07-10,MSFT,462.7024841308594
2024-07-11,MSFT,451.2403564453125
2024-07-12,MSFT,450.0990905761719
2024-07-15,MSFT,450.5060119628906
2024-07-16,MSFT,446.09979248046875
2024-07-17,MSFT,440.1454162597656
2024-07-18,MSFT,437.0193786621094
2024-07-19,MSFT,433.7841796875
2024-07-22,MSFT,439.5698547363281
2024-07-23,MSFT,441.4653015136719
2024-07-24,MSFT,425.63665771484375
2024-07-25,MSFT,415.216552734375
2024-07-26,MSFT,422.0342712402344
2024-07-29,MSFT,423.4831848144531
2024-07-30,MSFT,419.7021789550781
2024-07-31,MSFT,415.1669616699219
2024-08-01,MSFT,413.9363708496094
2024-08-02,MSFT,405.3819274902344
2024-08-05,MSFT,392.1434326171875
2024-08-06,MSFT,396.56951904296875
2024-08-07,MSFT,395.39849853515625
2024-08-08,MSFT,399.6260681152344
2024-08-09,MSFT,402.93072509765625
2024-08-12,MSFT,403.7147216796875
2024-08-13,MSFT,410.8599548339844
2024-08-14,MSFT,413.6882629394531
2024-08-15,MSFT,418.57965087890625
2024-08-16,MSFT,416.0345153808594
2024-08-19,MSFT,419.07672119140625
2024-08-20,MSFT,422.3276672363281
2024-08-21,MSFT,421.67156982421875
2024-08-22,MSFT,413.13153076171875
2024-08-23,MSFT,414.36431884765625
2024-08-26,MSFT,411.08349609375
2024-08-27,MSFT,411.43145751953125
2024-08-28,MSFT,408.2103576660156
2024-08-29,MSFT,410.7156677246094
2024-08-30,MSFT,414.7122802734375
2024-09-03,MSFT,407.0570983886719
2024-09-04,MSFT,406.5202331542969
2024-09-05,MSFT,406.01318359375
2024-09-06,MSFT,399.36212158203125
2024-09-09,MSFT,403.3587341308594
2024-09-10,MSFT,411.7893981933594
2024-09-11,MSFT,420.57794189453125
2024-09-12,MSFT,424.514892578125
2024-09-13,MSFT,428.083984375
2024-09-16,MSFT,428.8296203613281
2024-09-17,MSFT,432.6174621582031
2024-09-18,MSFT,428.302734375
2024-09-19,MSFT,436.1368713378906
2024-09-20,MSFT,432.7367858886719
2024-09-23,MSFT,430.9870300292969
2024-09-24,MSFT,426.6722717285156
2024-09-25,MSFT,429.59515380859375
2024-09-26,MSFT,428.7998046875
2024-09-27,MSFT,425.5289306640625
2024-09-30,MSFT,427.795654296875
2024-10-01,MSFT,418.2416076660156
2024-10-02,MSFT,414.7023620605469
2024-10-03,MSFT,414.11578369140625
2024-10-04,MSFT,413.6385498046875
2024-10-07,MSFT,407.1565246582031
2024-10-08,MSFT,412.29644775390625
2024-10-09,MSFT,415.0303955078125
2024-10-10,MSFT,413.41986083984375
2024-10-11,MSFT,413.89703369140625
2024-10-14,MSFT,416.7006530761719
2024-10-15,MSFT,416.3029479980469
2024-10-16,MSFT,413.69818115234375
2024-10-17,MSFT,414.2947082519531
2024-10-18,MSFT,415.7263488769531
2024-10-21,MSFT,416.3427429199219
2024-10-22,MSFT,425.0219421386719
2024-10-23,MSFT,422.1288757324219
2024-10-24,MSFT,422.25811767578125
2024-10-25,MSFT,425.658203125
2024-10-28,MSFT,424.1072998046875
2024-10-29,MSFT,429.43609619140625
2024-10-30,MSFT,430.0127258300781
2024-10-31,MSFT,403.985107421875
2024-11-01,MSFT,407.981689453125
2024-11-04,MSFT,406.0827941894531
2024-11-05,MSFT,409.0653076171875
2024-11-06,MSFT,417.73455810546875
2024-11-07,MSFT,422.9540100097656
2024-11-08,MSFT,420.0808410644531
2024-11-11,MSFT,415.57720947265625
2024-11-12,MSFT,420.5679931640625
2024-11-13,MSFT,422.7253723144531
2024-11-14,MSFT,424.4055480957031
2024-11-15,MSFT,412.5847473144531
2024-11-18,MSFT,413.34033203125
2024-11-19,MSFT,415.3584899902344
2024-11-20,MSFT,413.0718688964844
2024-11-21,MSFT,411.2887268066406
2024-11-22,MSFT,415.40289306640625
2024-11-25,MSFT,417.1860656738281
2024-11-26,MSFT,426.350830078125
2024-11-27,MSFT,421.3699645996094
2024-11-29,MSFT,421.83819580078125
2024-12-02,MSFT,429.3293762207031
2024-12-03,MSFT,429.5485534667969
2024-12-04,MSFT,435.7447204589844
2024-12-05,MSFT,440.9248046875
2024-12-06,MSFT,441.87115478515625
2024-12-09,MSFT,444.311767578125
2024-12-10,MSFT,441.6320495605469
2024-12-11,MSFT,447.2704162597656
2024-12-12,MSFT,447.83819580078125
2024-12-13,MSFT,445.5569763183594
2024-12-16,MSFT,449.86041259765625
2024-12-17,MSFT,452.7194519042969
2024-12-18,MSFT,435.71484375
2024-12-19,MSFT,435.356201171875
2024-12-20,MSFT,434.9278869628906
2024-12-23,MSFT,433.5830383300781
2024-12-24,MSFT,437.64739990234375
2024-12-26,MSFT,436.43206787109375
2024-12-27,MSFT,428.881103515625
2024-12-30,MSFT,423.2029113769531
2024-12-31,MSFT,419.88568115234375
2025-01-02,MSFT,416.97686767578125
2025-01-03,MSFT,421.7286071777344
2025-01-06,MSFT,426.21136474609375
2025-01-07,MSFT,420.7523498535156
2025-01-08,MSFT,422.9339599609375
2025-01-10,MSFT,417.345458984375
2025-01-13,MSFT,415.5921936035156
2025-01-14,MSFT,414.0780334472656
2025-01-15,MSFT,424.67724609375
2025-01-16,MSFT,422.953857421875
2025-01-17,MSFT,427.3868408203125
2025-01-21,MSFT,426.85888671875
2025-01-22,MSFT,444.4910888671875
2025-01-23,MSFT,444.9991149902344
2025-01-24,MSFT,442.3592834472656
2025-01-27,MSFT,432.8956604003906
2025-01-28,MSFT,445.4872741699219
2025-01-29,MSFT,440.6358947753906
2025-01-30,MSFT,413.4006042480469
2025-01-31,MSFT,413.4703369140625
2025-02-03,MSFT,409.3462219238281
2025-02-04,MSFT,410.7906494140625
2025-02-05,MSFT,411.7071228027344
2025-02-06,MSFT,414.2274475097656
2025-02-07,MSFT,408.1806945800781
2025-02-10,MSFT,410.6412048339844
2025-02-11,MSFT,409.86419677734375
2025-02-12,MSFT,407.473388671875
2025-02-13,MSFT,408.9676513671875
2025-02-14,MSFT,406.86572265625
2025-02-18,MSFT,408.07110595703125
2025-02-19,MSFT,413.1814270019531
2025-02-20,MSFT,415.3674621582031
2025-02-21,MSFT,407.4619445800781
2025-02-24,MSFT,403.2596740722656
2025-02-25,MSFT,397.17083740234375
2025-02-26,MSFT,398.99749755859375
2025-02-27,MSFT,391.8106994628906
2025-02-28,MSFT,396.26251220703125
2025-03-03,MSFT,387.778076171875
2025-03-04,MSFT,387.8978576660156
2025-03-05,MSFT,400.2851257324219
2025-03-06,MSFT,396.1627197265625
2025-03-07,MSFT,392.5892639160156
2025-03-10,MSFT,379.46337890625
2025-03-11,MSFT,379.7528381347656
2025-03-12,MSFT,382.5676574707031
2025-03-13,MSFT,378.0758972167969
2025-03-14,MSFT,387.84796142578125
2025-03-17,MSFT,387.98773193359375
2025-03-18,MSFT,382.81719970703125
2025-03-19,MSFT,387.1093444824219
2025-03-20,MSFT,386.131103515625
2025-03-21,MSFT,390.54302978515625
2025-03-24,MSFT,392.35968017578125
2025-03-25,MSFT,394.4358825683594
2025-03-26,MSFT,389.2554016113281
2025-03-27,MSFT,389.8642578125
2025-03-28,MSFT,378.1058349609375
2025-03-31,MSFT,374.7021179199219
2025-04-01,MSFT,381.4896545410156
2025-04-02,MSFT,381.43975830078125
2025-04-03,MSFT,372.42626953125
2025-04-04,MSFT,359.18060302734375
2025-04-07,MSFT,357.2042236328125
2025-04-08,MSFT,353.9102783203125
2025-04-09,MSFT,389.7744140625
2025-04-10,MSFT,380.65118408203125
2025-04-11,MSFT,387.7381896972656
2025-04-14,MSFT,387.0993347167969
2025-04-15,MSFT,385.0231628417969
2025-04-16,MSFT,370.92901611328125
2025-04-17,MSFT,367.1060485839844
2025-04-21,MSFT,358.4619140625
2025-04-22,MSFT,366.1478271484375
2025-04-23,MSFT,373.7039489746094
2025-04-24,MSFT,386.59027099609375
2025-04-25,MSFT,391.1319580078125
2025-04-28,MSFT,390.4432067871094
2025-04-29,MSFT,393.31793212890625
2025-04-30,MSFT,394.53570556640625
2025-05-01,MSFT,424.6204528808594
2025-05-02,MSFT,434.48236083984375
2025-05-05,MSFT,435.3707275390625
2025-05-06,MSFT,432.5159606933594
2025-05-07,MSFT,432.555908203125
2025-05-08,MSFT,437.3670654296875
2025-05-09,MSFT,437.9260559082031
2025-05-12,MSFT,448.4367370605469
2025-05-13,MSFT,448.3169860839844
2025-05-14,MSFT,452.1099853515625
2025-05-15,MSFT,453.1300048828125
2025-05-16,MSFT,454.2699890136719
2025-05-19,MSFT,458.8699951171875
2025-05-20,MSFT,458.1700134277344
2025-05-21,MSFT,452.57000732421875
2025-05-22,MSFT,454.8599853515625
2025-05-23,MSFT,450.17999267578125
2025-05-27,MSFT,460.69000244140625
2025-05-28,MSFT,457.3599853515625
2025-05-29,MSFT,458.67999267578125
2025-05-30,MSFT,460.3599853515625
2024-05-30,NFLX,647.6599731445312
2024-05-31,NFLX,641.6199951171875
2024-06-03,NFLX,633.7899780273438
2024-06-04,NFLX,631.6199951171875
2024-06-05,NFLX,650.27001953125
2024-06-06,NFLX,648.52001953125
2024-06-07,NFLX,641.469970703125
2024-06-10,NFLX,644.5
2024-06-11,NFLX,648.5499877929688
2024-06-12,NFLX,650.0599975585938
2024-06-13,NFLX,653.260009765625
2024-06-14,NFLX,669.3800048828125
2024-06-17,NFLX,675.8300170898438
2024-06-18,NFLX,685.6699829101562
2024-06-20,NFLX,679.030029296875
2024-06-21,NFLX,686.1199951171875
2024-06-24,NFLX,669.02001953125
2024-06-25,NFLX,672.4099731445312
2024-06-26,NFLX,677.6900024414062
2024-06-27,NFLX,684.3400268554688
2024-06-28,NFLX,674.8800048828125
2024-07-01,NFLX,673.6099853515625
2024-07-02,NFLX,679.5800170898438
2024-07-03,NFLX,682.510009765625
2024-07-05,NFLX,690.6500244140625
2024-07-08,NFLX,685.739990234375
2024-07-09,NFLX,685.739990234375
2024-07-10,NFLX,677.6500244140625
2024-07-11,NFLX,652.75
2024-07-12,NFLX,647.5999755859375
2024-07-15,NFLX,656.4500122070312
2024-07-16,NFLX,656.3200073242188
2024-07-17,NFLX,647.4600219726562
2024-07-18,NFLX,643.0399780273438
2024-07-19,NFLX,633.3400268554688
2024-07-22,NFLX,647.5
2024-07-23,NFLX,642.760009765625
2024-07-24,NFLX,635.989990234375
2024-07-25,NFLX,634.0900268554688
2024-07-26,NFLX,631.3699951171875
2024-07-29,NFLX,626.9600219726562
2024-07-30,NFLX,622.5800170898438
2024-07-31,NFLX,628.3499755859375
2024-08-01,NFLX,624.8499755859375
2024-08-02,NFLX,613.6400146484375
2024-08-05,NFLX,598.5499877929688
2024-08-06,NFLX,609.5700073242188
2024-08-07,NFLX,611.47998046875
2024-08-08,NFLX,630.3499755859375
2024-08-09,NFLX,633.9400024414062
2024-08-12,NFLX,633.1400146484375
2024-08-13,NFLX,648.02001953125
2024-08-14,NFLX,661.6799926757812
2024-08-15,NFLX,663.219970703125
2024-08-16,NFLX,674.0700073242188
2024-08-19,NFLX,688.530029296875
2024-08-20,NFLX,698.5399780273438
2024-08-21,NFLX,697.1199951171875
2024-08-22,NFLX,688.9600219726562
2024-08-23,NFLX,686.72998046875
2024-08-26,NFLX,688.4400024414062
2024-08-27,NFLX,695.719970703125
2024-08-28,NFLX,683.8400268554688
2024-08-29,NFLX,692.47998046875
2024-08-30,NFLX,701.3499755859375
2024-09-03,NFLX,675.3200073242188
2024-09-04,NFLX,679.6799926757812
2024-09-05,NFLX,683.6199951171875
2024-09-06,NFLX,665.77001953125
2024-09-09,NFLX,675.4199829101562
2024-09-10,NFLX,673.6199951171875
2024-09-11,NFLX,681.469970703125
2024-09-12,NFLX,686.7999877929688
2024-09-13,NFLX,697.0599975585938
2024-09-16,NFLX,696.5
2024-09-17,NFLX,706.9099731445312
2024-09-18,NFLX,690.469970703125
2024-09-19,NFLX,704.3200073242188
2024-09-20,NFLX,701.030029296875
2024-09-23,NFLX,705.3699951171875
2024-09-24,NFLX,722.260009765625
2024-09-25,NFLX,721.5599975585938
2024-09-26,NFLX,711.4299926757812
2024-09-27,NFLX,707.3499755859375
2024-09-30,NFLX,709.27001953125
2024-10-01,NFLX,706.1300048828125
2024-10-02,NFLX,711.0900268554688
2024-10-03,NFLX,706.7999877929688
2024-10-04,NFLX,719.7000122070312
2024-10-07,NFLX,701.9199829101562
2024-10-08,NFLX,721.760009765625
2024-10-09,NFLX,727.4299926757812
2024-10-10,NFLX,730.2899780273438
2024-10-11,NFLX,722.7899780273438
2024-10-14,NFLX,713.0
2024-10-15,NFLX,705.97998046875
2024-10-16,NFLX,702.0
2024-10-17,NFLX,687.6500244140625
2024-10-18,NFLX,763.8900146484375
2024-10-21,NFLX,772.0700073242188
2024-10-22,NFLX,764.239990234375
2024-10-23,NFLX,749.2899780273438
2024-10-24,NFLX,754.5499877929688
2024-10-25,NFLX,754.6799926757812
2024-10-28,NFLX,749.1199951171875
2024-10-29,NFLX,759.4400024414062
2024-10-30,NFLX,753.739990234375
2024-10-31,NFLX,756.030029296875
2024-11-01,NFLX,756.0999755859375
2024-11-04,NFLX,755.510009765625
2024-11-05,NFLX,763.9099731445312
2024-11-06,NFLX,780.2100219726562
2024-11-07,NFLX,796.5399780273438
2024-11-08,NFLX,795.0399780273438
2024-11-11,NFLX,805.4400024414062
2024-11-12,NFLX,819.5
2024-11-13,NFLX,830.469970703125
2024-11-14,NFLX,837.260009765625
2024-11-15,NFLX,823.9600219726562
2024-11-18,NFLX,847.0499877929688
2024-11-19,NFLX,871.3200073242188
2024-11-20,NFLX,883.8499755859375
2024-11-21,NFLX,897.47998046875
2024-11-22,NFLX,897.7899780273438
2024-11-25,NFLX,865.5900268554688
2024-11-26,NFLX,872.5999755859375
2024-11-27,NFLX,877.3400268554688
2024-11-29,NFLX,886.8099975585938
2024-12-02,NFLX,897.739990234375
2024-12-03,NFLX,902.1699829101562
2024-12-04,NFLX,911.0599975585938
2024-12-05,NFLX,917.8699951171875
2024-12-06,NFLX,934.739990234375
2024-12-09,NFLX,913.6900024414062
2024-12-10,NFLX,913.3499755859375
2024-12-11,NFLX,936.5599975585938
2024-12-12,NFLX,925.5499877929688
2024-12-13,NFLX,918.8699951171875
2024-12-16,NFLX,921.0800170898438
2024-12-17,NFLX,919.1300048828125
2024-12-18,NFLX,889.5499877929688
2024-12-19,NFLX,902.0399780273438
2024-12-20,NFLX,909.0499877929688
2024-12-23,NFLX,911.4500122070312
2024-12-24,NFLX,932.1199951171875
2024-12-26,NFLX,924.1400146484375
2024-12-27,NFLX,907.5499877929688
2024-12-30,NFLX,900.4299926757812
2024-12-31,NFLX,891.3200073242188
2025-01-02,NFLX,886.72998046875
2025-01-03,NFLX,881.0499877929688
2025-01-06,NFLX,881.7899780273438
2025-01-07,NFLX,879.1900024414062
2025-01-08,NFLX,875.0
2025-01-10,NFLX,837.6900024414062
2025-01-13,NFLX,840.2899780273438
2025-01-14,NFLX,828.4000244140625
2025-01-15,NFLX,848.260009765625
2025-01-16,NFLX,842.3699951171875
2025-01-17,NFLX,858.0999755859375
2025-01-21,NFLX,869.6799926757812
2025-01-22,NFLX,953.989990234375
2025-01-23,NFLX,984.8599853515625
2025-01-24,NFLX,977.5900268554688
2025-01-27,NFLX,971.8900146484375
2025-01-28,NFLX,971.8300170898438
2025-01-29,NFLX,978.1500244140625
2025-01-30,NFLX,973.239990234375
2025-01-31,NFLX,976.760009765625
2025-02-03,NFLX,978.9400024414062
2025-02-04,NFLX,994.8699951171875
2025-02-05,NFLX,1011.1099853515625
2025-02-06,NFLX,1015.6799926757812
2025-02-07,NFLX,1013.9299926757812
2025-02-10,NFLX,1027.5999755859375
2025-02-11,NFLX,1008.0800170898438
2025-02-12,NFLX,1027.31005859375
2025-02-13,NFLX,1043.68994140625
2025-02-14,NFLX,1058.5999755859375
2025-02-18,NFLX,1035.8499755859375
2025-02-19,NFLX,1043.3299560546875
2025-02-20,NFLX,1024.5400390625
2025-02-21,NFLX,1003.1500244140625
2025-02-24,NFLX,988.469970703125
2025-02-25,NFLX,977.239990234375
2025-02-26,NFLX,990.0599975585938
2025-02-27,NFLX,963.0700073242188
2025-02-28,NFLX,980.5599975585938
2025-03-03,NFLX,973.7000122070312
2025-03-04,NFLX,972.5800170898438
2025-03-05,NFLX,990.9199829101562
2025-03-06,NFLX,906.3599853515625
2025-03-07,NFLX,891.1099853515625
2025-03-10,NFLX,866.6799926757812
2025-03-11,NFLX,895.0999755859375
2025-03-12,NFLX,919.6799926757812
2025-03-13,NFLX,890.1699829101562
2025-03-14,NFLX,918.0
2025-03-17,NFLX,950.02001953125
2025-03-18,NFLX,929.97998046875
2025-03-19,NFLX,959.489990234375
2025-03-20,NFLX,950.8400268554688
2025-03-21,NFLX,960.2899780273438
2025-03-24,NFLX,971.989990234375
2025-03-25,NFLX,997.280029296875
2025-03-26,NFLX,970.6500244140625
2025-03-27,NFLX,976.719970703125
2025-03-28,NFLX,933.8499755859375
2025-03-31,NFLX,932.530029296875
2025-04-01,NFLX,928.3800048828125
2025-04-02,NFLX,935.52001953125
2025-04-03,NFLX,917.0499877929688
2025-04-04,NFLX,855.8599853515625
2025-04-07,NFLX,867.8300170898438
2025-04-08,NFLX,870.4000244140625
2025-04-09,NFLX,945.469970703125
2025-04-10,NFLX,921.1699829101562
2025-04-11,NFLX,918.2899780273438
2025-04-14,NFLX,931.280029296875
2025-04-15,NFLX,976.280029296875
2025-04-16,NFLX,961.6300048828125
2025-04-17,NFLX,973.030029296875
2025-04-21,NFLX,987.9099731445312
2025-04-22,NFLX,1040.3399658203125
2025-04-23,NFLX,1049.5899658203125
2025-04-24,NFLX,1096.8699951171875
2025-04-25,NFLX,1101.530029296875
2025-04-28,NFLX,1110.3800048828125
2025-04-29,NFLX,1125.6400146484375
2025-04-30,NFLX,1131.719970703125
2025-05-01,NFLX,1133.469970703125
2025-05-02,NFLX,1156.489990234375
2025-05-05,NFLX,1134.06005859375
2025-05-06,NFLX,1137.68994140625
2025-05-07,NFLX,1155.4100341796875
2025-05-08,NFLX,1144.4300537109375
2025-05-09,NFLX,1140.219970703125
2025-05-12,NFLX,1110.0
2025-05-13,NFLX,1138.43994140625
2025-05-14,NFLX,1150.989990234375
2025-05-15,NFLX,1177.97998046875
2025-05-16,NFLX,1191.530029296875
2025-05-19,NFLX,1191.6400146484375
2025-05-20,NFLX,1192.02001953125
2025-05-21,NFLX,1194.6300048828125
2025-05-22,NFLX,1187.969970703125
2025-05-23,NFLX,1185.3900146484375
2025-05-27,NFLX,1211.5699462890625
2025-05-28,NFLX,1208.550048828125
2025-05-29,NFLX,1184.8599853515625
2025-05-30,NFLX,1207.22998046875
2024-05-30,NVDA,110.45602416992188
2024-05-31,NVDA,109.5893783569336
2024-06-03,NVDA,114.95423889160156
2024-06-04,NVDA,116.39066314697266
2024-06-05,NVDA,122.39128112792969
2024-06-06,NVDA,120.94985961914062
2024-06-07,NVDA,120.83989715576172
2024-06-10,NVDA,121.74153900146484
2024-06-11,NVDA,120.871826171875
2024-06-12,NVDA,125.16045379638672
2024-06-13,NVDA,129.56907653808594
2024-06-14,NVDA,131.83836364746094
2024-06-17,NVDA,130.9386444091797
2024-06-18,NVDA,135.5371856689453
2024-06-20,NVDA,130.73870849609375
2024-06-21,NVDA,126.53002166748047
2024-06-24,NVDA,118.07269287109375
2024-06-25,NVDA,126.0501708984375
2024-06-26,NVDA,126.3600845336914
2024-06-27,NVDA,123.9508285522461
2024-06-28,NVDA,123.50098419189453
2024-07-01,NVDA,124.26075744628906
2024-07-02,NVDA,122.63125610351562
2024-07-03,NVDA,128.23948669433594
2024-07-05,NVDA,125.79026794433594
2024-07-08,NVDA,128.15951538085938
2024-07-09,NVDA,131.33851623535156
2024-07-10,NVDA,134.86740112304688
2024-07-11,NVDA,127.3597640991211
2024-07-12,NVDA,129.19918823242188
2024-07-15,NVDA,128.39942932128906
2024-07-16,NVDA,126.32009887695312
2024-07-17,NVDA,117.95274353027344
2024-07-18,NVDA,121.0517578125
2024-07-19,NVDA,117.89275360107422
2024-07-22,NVDA,123.50098419189453
2024-07-23,NVDA,122.55127716064453
2024-07-24,NVDA,114.21391296386719
2024-07-25,NVDA,112.24454498291016
2024-07-26,NVDA,113.0242919921875
2024-07-29,NVDA,111.55474853515625
2024-07-30,NVDA,103.6972427368164
2024-07-31,NVDA,116.9830322265625
2024-08-01,NVDA,109.1755142211914
2024-08-02,NVDA,107.23612213134766
2024-08-05,NVDA,100.41827392578125
2024-08-06,NVDA,104.21707916259766
2024-08-07,NVDA,98.87876892089844
2024-08-08,NVDA,104.93685150146484
2024-08-09,NVDA,104.7169189453125
2024-08-12,NVDA,108.9855728149414
2024-08-13,NVDA,116.10331726074219
2024-08-14,NVDA,118.04271697998047
2024-08-15,NVDA,122.82120513916016
2024-08-16,NVDA,124.54065704345703
2024-08-19,NVDA,129.95892333984375
2024-08-20,NVDA,127.2098159790039
2024-08-21,NVDA,128.4594268798828
2024-08-22,NVDA,123.70092010498047
2024-08-23,NVDA,129.32913208007812
2024-08-26,NVDA,126.4200668334961
2024-08-27,NVDA,128.25949096679688
2024-08-28,NVDA,125.5703353881836
2024-08-29,NVDA,117.55286407470703
2024-08-30,NVDA,119.33230590820312
2024-09-03,NVDA,107.96588897705078
2024-09-04,NVDA,106.17646026611328
2024-09-05,NVDA,107.17613983154297
2024-09-06,NVDA,102.79752349853516
2024-09-09,NVDA,106.43638610839844
2024-09-10,NVDA,108.06585693359375
2024-09-11,NVDA,116.87308502197266
2024-09-12,NVDA,119.11256408691406
2024-09-13,NVDA,119.07257080078125
2024-09-16,NVDA,116.75310516357422
2024-09-17,NVDA,115.5633773803711
2024-09-18,NVDA,113.34388732910156
2024-09-19,NVDA,117.84285736083984
2024-09-20,NVDA,115.9732894897461
2024-09-23,NVDA,116.23323059082031
2024-09-24,NVDA,120.84217071533203
2024-09-25,NVDA,123.48155975341797
2024-09-26,NVDA,124.01143646240234
2024-09-27,NVDA,121.3720474243164
2024-09-30,NVDA,121.41203308105469
2024-10-01,NVDA,116.97306060791016
2024-10-02,NVDA,118.82262420654297
2024-10-03,NVDA,122.82170867919922
2024-10-04,NVDA,124.89122772216797
2024-10-07,NVDA,127.69058990478516
2024-10-08,NVDA,132.85939025878906
2024-10-09,NVDA,132.61944580078125
2024-10-10,NVDA,134.77896118164062
2024-10-11,NVDA,134.7689666748047
2024-10-14,NVDA,138.03822326660156
2024-10-15,NVDA,131.5697021484375
2024-10-16,NVDA,135.68873596191406
2024-10-17,NVDA,136.89846801757812
2024-10-18,NVDA,137.9682159423828
2024-10-21,NVDA,143.67691040039062
2024-10-22,NVDA,143.55694580078125
2024-10-23,NVDA,139.52786254882812
2024-10-24,NVDA,140.37767028808594
2024-10-25,NVDA,141.5074005126953
2024-10-28,NVDA,140.48765563964844
2024-10-29,NVDA,141.21746826171875
2024-10-30,NVDA,139.3079071044922
2024-10-31,NVDA,132.72943115234375
2024-11-01,NVDA,135.3688201904297
2024-11-04,NVDA,136.0186767578125
2024-11-05,NVDA,139.87777709960938
2024-11-06,NVDA,145.5764617919922
2024-11-07,NVDA,148.84571838378906
2024-11-08,NVDA,147.5959930419922
2024-11-11,NVDA,145.22654724121094
2024-11-12,NVDA,148.25582885742188
2024-11-13,NVDA,146.23631286621094
2024-11-14,NVDA,146.72618103027344
2024-11-15,NVDA,141.94729614257812
2024-11-18,NVDA,140.11770629882812
2024-11-19,NVDA,146.97613525390625
2024-11-20,NVDA,145.8563995361328
2024-11-21,NVDA,146.63623046875
2024-11-22,NVDA,141.91729736328125
2024-11-25,NVDA,135.98867797851562
2024-11-26,NVDA,136.8884735107422
2024-11-27,NVDA,135.30882263183594
2024-11-29,NVDA,138.21817016601562
2024-12-02,NVDA,138.5980682373047
2024-12-03,NVDA,140.2277069091797
2024-12-04,NVDA,145.1065673828125
2024-12-05,NVDA,145.03659057617188
2024-12-06,NVDA,142.41702270507812
2024-12-09,NVDA,138.78758239746094
2024-12-10,NVDA,135.04820251464844
2024-12-11,NVDA,139.28750610351562
2024-12-12,NVDA,137.3178253173828
2024-12-13,NVDA,134.22833251953125
2024-12-16,NVDA,131.9786834716797
2024-12-17,NVDA,130.36895751953125
2024-12-18,NVDA,128.88919067382812
2024-12-19,NVDA,130.6588897705078
2024-12-20,NVDA,134.67825317382812
2024-12-23,NVDA,139.64744567871094
2024-12-24,NVDA,140.19737243652344
2024-12-26,NVDA,139.90740966796875
2024-12-27,NVDA,136.9878692626953
2024-12-30,NVDA,137.46780395507812
2024-12-31,NVDA,134.26832580566406
2025-01-02,NVDA,138.2876739501953
2025-01-03,NVDA,144.44668579101562
2025-01-06,NVDA,149.40586853027344
2025-01-07,NVDA,140.11737060546875
2025-01-08,NVDA,140.08738708496094
2025-01-10,NVDA,135.88807678222656
2025-01-13,NVDA,133.20849609375
2025-01-14,NVDA,131.7387237548828
2025-01-15,NVDA,136.218017578125
2025-01-16,NVDA,133.54844665527344
2025-01-17,NVDA,137.68777465820312
2025-01-21,NVDA,140.80726623535156
2025-01-22,NVDA,147.04627990722656
2025-01-23,NVDA,147.1962432861328
2025-01-24,NVDA,142.5969696044922
2025-01-27,NVDA,118.40088653564453
2025-01-28,NVDA,128.9691925048828
2025-01-29,NVDA,123.6800308227539
2025-01-30,NVDA,124.62987518310547
2025-01-31,NVDA,120.05062103271484
2025-02-03,NVDA,116.64117431640625
2025-02-04,NVDA,118.63085174560547
2025-02-05,NVDA,124.80985260009766
2025-02-06,NVDA,128.65921020507812
2025-02-07,NVDA,129.81903076171875
2025-02-10,NVDA,133.54844665527344
2025-02-11,NVDA,132.77857971191406
2025-02-12,NVDA,131.11883544921875
2025-02-13,NVDA,135.26815795898438
2025-02-14,NVDA,138.8275909423828
2025-02-18,NVDA,139.37750244140625
2025-02-19,NVDA,139.20751953125
2025-02-20,NVDA,140.08738708496094
2025-02-21,NVDA,134.40829467773438
2025-02-24,NVDA,130.25897216796875
2025-02-25,NVDA,126.60955810546875
2025-02-26,NVDA,131.25881958007812
2025-02-27,NVDA,120.13060760498047
2025-02-28,NVDA,124.89983367919922
2025-03-03,NVDA,114.04158782958984
2025-03-04,NVDA,115.97127532958984
2025-03-05,NVDA,117.28106689453125
2025-03-06,NVDA,110.55215454101562
2025-03-07,NVDA,112.67181396484375
2025-03-10,NVDA,106.96273040771484
2025-03-11,NVDA,108.74244689941406
2025-03-12,NVDA,115.73196411132812
2025-03-13,NVDA,115.57197570800781
2025-03-14,NVDA,121.66155242919922
2025-03-17,NVDA,119.52169799804688
2025-03-18,NVDA,115.42198181152344
2025-03-19,NVDA,117.51183319091797
2025-03-20,NVDA,118.52176666259766
2025-03-21,NVDA,117.69182586669922
2025-03-24,NVDA,121.40157318115234
2025-03-25,NVDA,120.68162536621094
2025-03-26,NVDA,113.75210571289062
2025-03-27,NVDA,111.4222640991211
2025-03-28,NVDA,109.66238403320312
2025-03-31,NVDA,108.37247467041016
2025-04-01,NVDA,110.14234924316406
2025-04-02,NVDA,110.4123306274414
2025-04-03,NVDA,101.79293060302734
2025-04-04,NVDA,94.30345153808594
2025-04-07,NVDA,97.63321685791016
2025-04-08,NVDA,96.29331970214844
2025-04-09,NVDA,114.32205963134766
2025-04-10,NVDA,107.56253051757812
2025-04-11,NVDA,110.92229461669922
2025-04-14,NVDA,110.70230865478516
2025-04-15,NVDA,112.19220733642578
2025-04-16,NVDA,104.48274230957031
2025-04-17,NVDA,101.48294830322266
2025-04-21,NVDA,96.90327453613281
2025-04-22,NVDA,98.88313293457031
2025-04-23,NVDA,102.70286560058594
2025-04-24,NVDA,106.422607421875
2025-04-25,NVDA,111.0022964477539
2025-04-28,NVDA,108.72245025634766
2025-04-29,NVDA,109.0124282836914
2025-04-30,NVDA,108.91243743896484
2025-05-01,NVDA,111.60224914550781
2025-05-02,NVDA,114.49205017089844
2025-05-05,NVDA,113.81209564208984
2025-05-06,NVDA,113.53211975097656
2025-05-07,NVDA,117.05187225341797
2025-05-08,NVDA,117.36185455322266
2025-05-09,NVDA,116.64189910888672
2025-05-12,NVDA,122.99146270751953
2025-05-13,NVDA,129.9209747314453
2025-05-14,NVDA,135.33059692382812
2025-05-15,NVDA,134.8206329345703
2025-05-16,NVDA,135.39059448242188
2025-05-19,NVDA,135.5605926513672
2025-05-20,NVDA,134.37066650390625
2025-05-21,NVDA,131.7908477783203
2025-05-22,NVDA,132.82078552246094
2025-05-23,NVDA,131.2808837890625
2025-05-27,NVDA,135.49058532714844
2025-05-28,NVDA,134.80064392089844
2025-05-29,NVDA,139.1803436279297
2025-05-30,NVDA,135.12062072753906
2024-05-30,TSLA,178.7899932861328
2024-05-31,TSLA,178.0800018310547
2024-06-03,TSLA,176.2899932861328
2024-06-04,TSLA,174.77000427246094
2024-06-05,TSLA,175.0
2024-06-06,TSLA,177.94000244140625
2024-06-07,TSLA,177.47999572753906
2024-06-10,TSLA,173.7899932861328
2024-06-11,TSLA,170.66000366210938
2024-06-12,TSLA,177.2899932861328
2024-06-13,TSLA,182.47000122070312
2024-06-14,TSLA,178.00999450683594
2024-06-17,TSLA,187.44000244140625
2024-06-18,TSLA,184.86000061035156
2024-06-20,TSLA,181.57000732421875
2024-06-21,TSLA,183.00999450683594
2024-06-24,TSLA,182.5800018310547
2024-06-25,TSLA,187.35000610351562
2024-06-26,TSLA,196.3699951171875
2024-06-27,TSLA,197.4199981689453
2024-06-28,TSLA,197.8800048828125
2024-07-01,TSLA,209.86000061035156
2024-07-02,TSLA,231.25999450683594
2024-07-03,TSLA,246.38999938964844
2024-07-05,TSLA,251.52000427246094
2024-07-08,TSLA,252.94000244140625
2024-07-09,TSLA,262.3299865722656
2024-07-10,TSLA,263.260009765625
2024-07-11,TSLA,241.02999877929688
2024-07-12,TSLA,248.22999572753906
2024-07-15,TSLA,252.63999938964844
2024-07-16,TSLA,256.55999755859375
2024-07-17,TSLA,248.5
2024-07-18,TSLA,249.22999572753906
2024-07-19,TSLA,239.1999969482422
2024-07-22,TSLA,251.50999450683594
2024-07-23,TSLA,246.3800048828125
2024-07-24,TSLA,215.99000549316406
2024-07-25,TSLA,220.25
2024-07-26,TSLA,219.8000030517578
2024-07-29,TSLA,232.10000610351562
2024-07-30,TSLA,222.6199951171875
2024-07-31,TSLA,232.07000732421875
2024-08-01,TSLA,216.86000061035156
2024-08-02,TSLA,207.6699981689453
2024-08-05,TSLA,198.8800048828125
2024-08-06,TSLA,200.63999938964844
2024-08-07,TSLA,191.75999450683594
2024-08-08,TSLA,198.83999633789062
2024-08-09,TSLA,200.0
2024-08-12,TSLA,197.49000549316406
2024-08-13,TSLA,207.8300018310547
2024-08-14,TSLA,201.3800048828125
2024-08-15,TSLA,214.13999938964844
2024-08-16,TSLA,216.1199951171875
2024-08-19,TSLA,222.72000122070312
2024-08-20,TSLA,221.10000610351562
2024-08-21,TSLA,223.27000427246094
2024-08-22,TSLA,210.66000366210938
2024-08-23,TSLA,220.32000732421875
2024-08-26,TSLA,213.2100067138672
2024-08-27,TSLA,209.2100067138672
2024-08-28,TSLA,205.75
2024-08-29,TSLA,206.27999877929688
2024-08-30,TSLA,214.11000061035156
2024-09-03,TSLA,210.60000610351562
2024-09-04,TSLA,219.41000366210938
2024-09-05,TSLA,230.1699981689453
2024-09-06,TSLA,210.72999572753906
2024-09-09,TSLA,216.27000427246094
2024-09-10,TSLA,226.1699981689453
2024-09-11,TSLA,228.1300048828125
2024-09-12,TSLA,229.80999755859375
2024-09-13,TSLA,230.2899932861328
2024-09-16,TSLA,226.77999877929688
2024-09-17,TSLA,227.8699951171875
2024-09-18,TSLA,227.1999969482422
2024-09-19,TSLA,243.9199981689453
2024-09-20,TSLA,238.25
2024-09-23,TSLA,250.0
2024-09-24,TSLA,254.27000427246094
2024-09-25,TSLA,257.0199890136719
2024-09-26,TSLA,254.22000122070312
2024-09-27,TSLA,260.4599914550781
2024-09-30,TSLA,261.6300048828125
2024-10-01,TSLA,258.0199890136719
2024-10-02,TSLA,249.02000427246094
2024-10-03,TSLA,240.66000366210938
2024-10-04,TSLA,250.0800018310547
2024-10-07,TSLA,240.8300018310547
2024-10-08,TSLA,244.5
2024-10-09,TSLA,241.0500030517578
2024-10-10,TSLA,238.77000427246094
2024-10-11,TSLA,217.8000030517578
2024-10-14,TSLA,219.16000366210938
2024-10-15,TSLA,219.57000732421875
2024-10-16,TSLA,221.3300018310547
2024-10-17,TSLA,220.88999938964844
2024-10-18,TSLA,220.6999969482422
2024-10-21,TSLA,218.85000610351562
2024-10-22,TSLA,217.97000122070312
2024-10-23,TSLA,213.64999389648438
2024-10-24,TSLA,260.4800109863281
2024-10-25,TSLA,269.19000244140625
2024-10-28,TSLA,262.510009765625
2024-10-29,TSLA,259.5199890136719
2024-10-30,TSLA,257.54998779296875
2024-10-31,TSLA,249.85000610351562
2024-11-01,TSLA,248.97999572753906
2024-11-04,TSLA,242.83999633789062
2024-11-05,TSLA,251.44000244140625
2024-11-06,TSLA,288.5299987792969
2024-11-07,TSLA,296.9100036621094
2024-11-08,TSLA,321.2200012207031
2024-11-11,TSLA,350.0
2024-11-12,TSLA,328.489990234375
2024-11-13,TSLA,330.239990234375
2024-11-14,TSLA,311.17999267578125
2024-11-15,TSLA,320.7200012207031
2024-11-18,TSLA,338.739990234375
2024-11-19,TSLA,346.0
2024-11-20,TSLA,342.0299987792969
2024-11-21,TSLA,339.6400146484375
2024-11-22,TSLA,352.55999755859375
2024-11-25,TSLA,338.5899963378906
2024-11-26,TSLA,338.2300109863281
2024-11-27,TSLA,332.8900146484375
2024-11-29,TSLA,345.1600036621094
2024-12-02,TSLA,357.0899963378906
2024-12-03,TSLA,351.4200134277344
2024-12-04,TSLA,357.92999267578125
2024-12-05,TSLA,369.489990234375
2024-12-06,TSLA,389.2200012207031
2024-12-09,TSLA,389.7900085449219
2024-12-10,TSLA,400.989990234375
2024-12-11,TSLA,424.7699890136719
2024-12-12,TSLA,418.1000061035156
2024-12-13,TSLA,436.2300109863281
2024-12-16,TSLA,463.0199890136719
2024-12-17,TSLA,479.8599853515625
2024-12-18,TSLA,440.1300048828125
2024-12-19,TSLA,436.1700134277344
2024-12-20,TSLA,421.05999755859375
2024-12-23,TSLA,430.6000061035156
2024-12-24,TSLA,462.2799987792969
2024-12-26,TSLA,454.1300048828125
2024-12-27,TSLA,431.6600036621094
2024-12-30,TSLA,417.4100036621094
2024-12-31,TSLA,403.8399963378906
2025-01-02,TSLA,379.2799987792969
2025-01-03,TSLA,410.44000244140625
2025-01-06,TSLA,411.04998779296875
2025-01-07,TSLA,394.3599853515625
2025-01-08,TSLA,394.94000244140625
2025-01-10,TSLA,394.739990234375
2025-01-13,TSLA,403.30999755859375
2025-01-14,TSLA,396.3599853515625
2025-01-15,TSLA,428.2200012207031
2025-01-16,TSLA,413.82000732421875
2025-01-17,TSLA,426.5
2025-01-21,TSLA,424.07000732421875
2025-01-22,TSLA,415.1099853515625
2025-01-23,TSLA,412.3800048828125
2025-01-24,TSLA,406.5799865722656
2025-01-27,TSLA,397.1499938964844
2025-01-28,TSLA,398.0899963378906
2025-01-29,TSLA,389.1000061035156
2025-01-30,TSLA,400.2799987792969
2025-01-31,TSLA,404.6000061035156
2025-02-03,TSLA,383.67999267578125
2025-02-04,TSLA,392.2099914550781
2025-02-05,TSLA,378.1700134277344
2025-02-06,TSLA,374.32000732421875
2025-02-07,TSLA,361.6199951171875
2025-02-10,TSLA,350.7300109863281
2025-02-11,TSLA,328.5
2025-02-12,TSLA,336.510009765625
2025-02-13,TSLA,355.94000244140625
2025-02-14,TSLA,355.8399963378906
2025-02-18,TSLA,354.1099853515625
2025-02-19,TSLA,360.55999755859375
2025-02-20,TSLA,354.3999938964844
2025-02-21,TSLA,337.79998779296875
2025-02-24,TSLA,330.5299987792969
2025-02-25,TSLA,302.79998779296875
2025-02-26,TSLA,290.79998779296875
2025-02-27,TSLA,281.95001220703125
2025-02-28,TSLA,292.9800109863281
2025-03-03,TSLA,284.6499938964844
2025-03-04,TSLA,272.0400085449219
2025-03-05,TSLA,279.1000061035156
2025-03-06,TSLA,263.45001220703125
2025-03-07,TSLA,262.6700134277344
2025-03-10,TSLA,222.14999389648438
2025-03-11,TSLA,230.5800018310547
2025-03-12,TSLA,248.08999633789062
2025-03-13,TSLA,240.67999267578125
2025-03-14,TSLA,249.97999572753906
2025-03-17,TSLA,238.00999450683594
2025-03-18,TSLA,225.30999755859375
2025-03-19,TSLA,235.86000061035156
2025-03-20,TSLA,236.25999450683594
2025-03-21,TSLA,248.7100067138672
2025-03-24,TSLA,278.3900146484375
2025-03-25,TSLA,288.1400146484375
2025-03-26,TSLA,272.05999755859375
2025-03-27,TSLA,273.1300048828125
2025-03-28,TSLA,263.54998779296875
2025-03-31,TSLA,259.1600036621094
2025-04-01,TSLA,268.4599914550781
2025-04-02,TSLA,282.760009765625
2025-04-03,TSLA,267.2799987792969
2025-04-04,TSLA,239.42999267578125
2025-04-07,TSLA,233.2899932861328
2025-04-08,TSLA,221.86000061035156
2025-04-09,TSLA,272.20001220703125
2025-04-10,TSLA,252.39999389648438
2025-04-11,TSLA,252.30999755859375
2025-04-14,TSLA,252.35000610351562
2025-04-15,TSLA,254.11000061035156
2025-04-16,TSLA,241.5500030517578
2025-04-17,TSLA,241.3699951171875
2025-04-21,TSLA,227.5
2025-04-22,TSLA,237.97000122070312
2025-04-23,TSLA,250.74000549316406
2025-04-24,TSLA,259.510009765625
2025-04-25,TSLA,284.95001220703125
2025-04-28,TSLA,285.8800048828125
2025-04-29,TSLA,292.0299987792969
2025-04-30,TSLA,282.1600036621094
2025-05-01,TSLA,280.5199890136719
2025-05-02,TSLA,287.2099914550781
2025-05-05,TSLA,280.260009765625
2025-05-06,TSLA,275.3500061035156
2025-05-07,TSLA,276.2200012207031
2025-05-08,TSLA,284.82000732421875
2025-05-09,TSLA,298.260009765625
2025-05-12,TSLA,318.3800048828125
2025-05-13,TSLA,334.07000732421875
2025-05-14,TSLA,347.67999267578125
2025-05-15,TSLA,342.82000732421875
2025-05-16,TSLA,349.9800109863281
2025-05-19,TSLA,342.0899963378906
2025-05-20,TSLA,343.82000732421875
2025-05-21,TSLA,334.6199951171875
2025-05-22,TSLA,341.0400085449219
2025-05-23,TSLA,339.3399963378906
2025-05-27,TSLA,362.8900146484375
2025-05-28,TSLA,356.8999938964844
2025-05-29,TSLA,358.42999267578125
2025-05-30,TSLA,346.4599914550781
